,Title,Acronym,Source,Rank,,,,,
2172, International Conference on Advanced Communications and Computation,INFOCOMP,ICORE2026,Unranked,Yes,46,,
2189," International Conference on Ambient Systems, Networks and Technologies",ANT,ICORE2026,Unranked,Yes,4606,,
2264,AAAI Conference on Human Computation and Crowdsourcing,HCOMP,ICORE2026,B,Yes,4608,4605,
2354,"AAAI/ACM Conference on AI, Ethics, and Society",AIES,ICORE2026,C,Yes,4608,4602,4611
9,"ACIS Conference on Software Engineering Research, Management and Applications",SERA,ICORE2026,C,No,4612,,
11,"ACM Conference on Applications, Technologies, Architectures, and Protocols for Computer Communication",SIGCOMM,ICORE2026,A*,Yes,4606,,
12,ACM Conference on Computer and Communications Security,CCS,ICORE2026,A*,Yes,4604,,
13,ACM Conference on Computer Supported Cooperative Work,CSCW,ICORE2026,A,No,4608,,
14,ACM Conference on Economics and Computation,EC,ICORE2026,A*,Yes,4602,4613,
15,ACM Conference on Embedded Networked Sensor Systems,SENSYS,ICORE2026,unranked: merged,Yes,4606,,
2355,ACM Conference on Learning @ Scale,L@S,ICORE2026,B,Yes,4601,4611,CSE
18,ACM Conference on Object Oriented Programming Systems Languages and Applications,OOPSLA,ICORE2026,A,Yes,4612,,
2313,ACM Conference on Security and Privacy in Wireless and Mobile Networks,ACM_WiSec,ICORE2026,B,Yes,4604,,
21,ACM Information Technology Education,SIGITE,ICORE2026,National: USA,No,4608,,
2319,ACM Int'l Symposium on Field Programmable Gate Arrays,FPGA,ICORE2026,A,Yes,CSE,,
23,"ACM International Conference on Advances in Computer Entertainment (merged with DIMEA, Digital Interactive Media in Entertainment and Arts, in 2009)",ACE,ICORE2026,C,No,4607,4608,
22,ACM International Conference on Advances in Geographic Information Systems,SIGSPATIAL,ICORE2026,A,Yes,4601,4611,4605
24,ACM International Conference on Emerging Networking Experiments and Technologies,CoNEXT,ICORE2026,A,No,4606,,
25,ACM International Conference on Information and Knowledge Management,CIKM,ICORE2026,A,Yes,4605,4602,
2351,ACM International Conference on Interactive Media Experiences,IMX,ICORE2026,C,Yes,4608,4607,4603
1488,ACM International Conference on Interactive Surfaces and Spaces (was International Workshop on Horizontal Interactive Human-Computer Systems: Tabletop),ISS,ICORE2026,Journal Published,Yes,4608,,
26,ACM International Conference on Knowledge Discovery and Data Mining,KDD,ICORE2026,A*,Yes,4605,4611,
27,ACM International Conference on Mobile Computing and Networking,MOBICOM,ICORE2026,A*,Yes,4606,,
2338,ACM International Conference on Multimedia in Asia,MM_Asia,ICORE2026,C,Yes,4603,4605,
28,ACM International Conference on Recommender Systems,RecSys,ICORE2026,A,Yes,4605,,
29,ACM International Conference on Research and Development in Information Retrieval,SIGIR,ICORE2026,A*,Yes,4605,,
30,ACM International Conference on Supercomputing,ICS,ICORE2026,A,Yes,CSE,4606,
52,"ACM International Conference on the Foundations of Software Engineering (was ESEC/FSE, changed 2024; duplicate previously listed as ESEC, removed from DB)",FSE,ICORE2026,A*,Yes,4612,,
31,ACM International Conference on Web Search and Data Mining,WSDM,ICORE2026,A,Yes,4605,4611,
1825,ACM International Joint Conference on Pervasive and Ubiquitous Computing (PERVASIVE and UbiComp combined from 2013),UbiComp,ICORE2026,journal published,No,4608,,
32,ACM International Symposium on Computer Architecture,ISCA,ICORE2026,A*,Yes,CSE,4606,4612
33,ACM International Symposium on High Performance Distributed Computing,HPDC,ICORE2026,A,No,4606,CSE,
34,ACM International Wireless Communications and Mobile Computing Conference,IWCMC,ICORE2026,B,Yes,4606,,
37,ACM Multimedia,ACMMM,ICORE2026,A*,Yes,4603,,
2336,ACM Multimedia Systems Conference,MMSys,ICORE2026,A,Yes,4606,4603,4607
38,ACM SIG International Conference on Computer Graphics and Interactive Techniques,SIGGRAPH,ICORE2026,A*,Yes,4607,4603,4608
2327,ACM SIGGRAPH conference on Motion Interaction and Games,MIG,ICORE2026,C,Yes,4607,4611,
42,ACM SIGGRAPH/Eurographics Symposium on Computer Animation,SCA,ICORE2026,B,Yes,4607,4603,
2335,ACM SIGIR Conference on Human Information Interaction And Retrieval,CHIIR,ICORE2026,B,Yes,4605,4608,
45,"ACM SIGMOBILE International Conference on Mobile Systems, Applications and Services",Mobisys,ICORE2026,A,Yes,4606,,
46,ACM SIGMOD-SIGACT-SIGART Conference on Principles of Database Systems,PODS,ICORE2026,A*,Yes,4605,,
48,ACM SIGOPS Symposium on Operating Systems Principles,SOSP,ICORE2026,A*,Yes,4606,,
49,"ACM SIGPLAN Conference on Languages, Compilers and Tools for Embedded Systems",LCTES,ICORE2026,B,Yes,4606,,
50,ACM SIGPLAN Workshop on Partial Evaluation and Program Manipulation,PEPM,ICORE2026,C,Yes,4612,,
78,ACM SIGSIM Conference on Principles of Advanced Discrete Simulation (was Parallel and Distributed Simulation),PADS,ICORE2026,B,Yes,4606,,
54,ACM SIGUCCS Conference on User Services,SIGUCCS,ICORE2026,National: USA,No,4601,,
55,ACM Special Interest Group on Computer Science Education Conference,SIGCSE,ICORE2026,A,Yes,4608,,
56,ACM Special Interest Group on Management of Data Conference,SIGMOD,ICORE2026,A*,Yes,4605,,
57,ACM Special Interest Group on Supporting Group Work (was SIGGRoup),Group,ICORE2026,B,No,4608,,
1775,"ACM Symposium on Access Control Models and Technologies (previously ACM Workshop on Role-Based Access Control, RBAC, changed in 2000)",SACMAT,ICORE2026,C,No,4604,,
59,ACM Symposium on Applied Computing,SAC,ICORE2026,Multiconference,No,4601,,
2352,ACM Symposium on Applied Perception,SAP,ICORE2026,B,Yes,4608,4607,
2003,ACM Symposium on Document Engineering,DocEng,ICORE2026,B,Yes,4605,,
58,ACM Symposium on Mobile Ad Hoc Networking and Computing,MOBIHOC,ICORE2026,B,Yes,4606,,
63,ACM Symposium on Principles of Distributed Computing,PODC,ICORE2026,A*,Yes,4606,,
64,ACM Symposium on Solid and Physical Modelling,SPM,ICORE2026,C,No,4607,4603,
65,ACM Symposium on Theory of Computing,STOC,ICORE2026,A*,Yes,4613,,
66,ACM Symposium on User Interface Software and Technology,UIST,ICORE2026,A*,Yes,4608,,
67,ACM Virtual Reality Software and Technology,VRST,ICORE2026,B,Yes,4607,,
69,ACM Workshop on Hot Topics in Networks,HOTNETS,ICORE2026,National: USA,No,4606,,
82,ACM-SIGACT Symposium on Principles of Programming Languages,POPL,ICORE2026,A*,Yes,4612,,
84,ACM-SIGPLAN Conference on Programming Language Design and Implementation,PLDI,ICORE2026,A*,Yes,4612,,
85,ACM-SIGRAPH Interactive 3D Graphics and Games,I3DG,ICORE2026,B,Yes,4607,4608,
2310,ACM/IEEE International Conference on Human-Robot Interaction,HRI,ICORE2026,A*,Yes,4608,4602,
76,"ACM/IEEE International Conference on Modelling, Analysis and Simulation of Wireless and Mobile Systems",MSWIM,ICORE2026,A,Yes,4606,,
2246,ACM/IEEE Symposium on Edge Computing,SEC,ICORE2026,unranked,Yes,4606,,
79,ACM/IFIP/USENIX International Middleware Conference,Middleware,ICORE2026,A,Yes,4606,,
80,ACM/SIAM Symposium on Discrete Algorithms,SODA,ICORE2026,A*,Yes,4613,,
2278,ACM/SPEC International Conference on Performance Engineering,ICPE,ICORE2026,B,Yes,4612,4606,
86,ACS/IEEE International Conference on Computer Systems and Applications,AICCSA,ICORE2026,C,Yes,46,,
89,Advanced Concepts for Intelligent Vision Systems,ACIVS,ICORE2026,B,Yes,4603,,
93,Advanced Visual Interfaces,AVI,ICORE2026,B,No,4608,,
94,Advances in Cryptology,CRYPTO,ICORE2026,A*,Yes,4604,,
2330,Advances in Financial Technologies,AFT,ICORE2026,B,Yes,4606,4604,
97,Advances in Modal Logic,AiML,ICORE2026,B,Yes,4613,,
98,Advances in Neural Information Processing Systems (was NIPS),NeurIPS,ICORE2026,A*,Yes,4611,,
106,Algorithmic Learning Theory,ALT,ICORE2026,B,Yes,4611,,
108,Algorithms and Data Structures Symposium (was Workshop on Algorithms and Data Structures),WADS,ICORE2026,B,Yes,4613,,
1968,American Medical Informatics Annual Fall Symposium,AMIA,ICORE2026,National: USA,No,4601,,
117,Annual Computer Security Applications Conference,ACSAC,ICORE2026,A,Yes,4604,,
1995,Annual Conference on Computer Science Logic,CSL,ICORE2026,B,Yes,4613,,
126,Annual Conference on Innovation and Technology in Computer Science Education,ITiCSE,ICORE2026,B,Yes,4608,,
127,"Annual Conference on Privacy, Security and Trust",PST,ICORE2026,C,No,4604,,
132,Annual International Workshop on Presence,ISPR,ICORE2026,C,No,4607,4608,
120,Annual Meeting of the Cognitive Science Society,CogSci,ICORE2026,B,Yes,4602,,
1729,Annual Meeting of the Special Interest Group on Discourse and Dialog,SIGdial,ICORE2026,B,Yes,4602,,
143,Applications of Information Visualization,IV-App,ICORE2026,C,No,4608,,
144,Applications of Natural Language to Data Bases,NLDB,ICORE2026,C,No,4602,4605,
145,Applied Computing Conference,ACC,ICORE2026,C,No,4601,,
147,Architectural Support for Programming Languages and Operating Systems,ASPLOS,ICORE2026,A*,Yes,4612,4606,
2186,Artificial Intelligence Applications and Innovations,AIAI,ICORE2026,National/Regional,Yes,4601,4602,
917,"ArtsIT, Interactivity & Game Creation (was International Conference on Arts and Technology)",ArtsIT,ICORE2026,C,Yes,4607,4608,
162,Asia and South Pacific Design Automation Conference,ASPDAC,ICORE2026,B,Yes,4606,,
61,"Asia Conference on Information, Computer and Communications Security",AsiaCCS,ICORE2026,A,Yes,4604,,
159,Asia Pacific Conference on Communications,APCC,ICORE2026,C,Yes,4606,,
240,Asia Pacific Symposium on Intelligent and Evolutionary Systems (was Australia-Japan Joint Workshop on  Intelligent and Evolutionary Systems),IES,ICORE2026,C,Yes,4602,,
175,Asia-Pacific Bioinformatics Conference,APBC,ICORE2026,B,No,4601,,
178,Asia-Pacific Conference on Conceptual Modelling,APCCM,ICORE2026,Australasian C,No,4605,,
184,Asia-Pacific Network Operations and Management Symposium,APNOMS,ICORE2026,C,No,4606,,
185,Asia-Pacific Services Computing Conference,APSCC,ICORE2026,C,Yes,4606,,
186,Asia-Pacific Software Engineering Conference,APSEC,ICORE2026,C,Yes,4612,,
167,Asian Conference on Computer Vision,ACCV,ICORE2026,B,No,4603,,
2188,Asian Conference on Intelligent Information and Database Systems,ACIIDS,ICORE2026,B,Yes,4605,4602,
2174,Asian Conference on Machine Learning,ACML,ICORE2026,C,Yes,4611,,
171,ASIAN Symposium on Programming Languages and Systems,APLAS,ICORE2026,B,Yes,4612,,
189,"Asilomar Conference on Signals, Systems and Computing",ACSSC,ICORE2026,National: USA,No,4606,,
196,Association for Computational Linguistics,ACL,ICORE2026,A*,Yes,4602,,
193,Association for Computer-Aided Architectural Design Research in Asia (CAADRIA) annual conference,CAADRIA,ICORE2026,C,No,4601,,
211,Australasian Computing Education Conference (ACE),ACE,ICORE2026,Australasian B,Yes,4608,,
210,Australasian Conference on Combinatorial Mathematics and Combinatorial Computing,ACCMCC,ICORE2026,Australasian C,Yes,4613,,
212,Australasian Conference on Information Security and Privacy,ACISP,ICORE2026,Australasian B,Yes,4604,,
216,Australasian Conference on Robotics and Automation,ACRA,ICORE2026,Australasian C,Yes,4602,4603,
219,Australasian Database Conference,ADC,ICORE2026,Australasian B,Yes,4605,,
1954,Australasian Document Computing Symposium,ADCS,ICORE2026,Australasian B,Yes,4605,,
222,Australasian Information Security Conference,AISC,ICORE2026,Australasian C,Yes,4604,,
224,Australasian Joint Conference on Artificial Intelligence,AI,ICORE2026,Australasian B,Yes,4602,4611,4603
1966,Australasian Language Technology Workshop,ALTA,ICORE2026,Australasian C,Yes,4602,,
229,Australasian Speech Science and Technology,SST,ICORE2026,Australasian C,Yes,4602,,
231,Australasian Symposium on Parallel and Distributed Computing (was AusGrid),AusPDC,ICORE2026,Australasian C,Yes,4606,,
247,Australian Computer Human Interaction Conference,OZCHI,ICORE2026,Australasian B,Yes,4608,,
253,Australian Data Mining Conference,AusDM,ICORE2026,Australasian C,Yes,4605,4611,
261,Australian Institute of Computer Ethics Conference,AICE,ICORE2026,Australasian C,Yes,4608,,
279,Automated Software Engineering Conference,ASE,ICORE2026,A*,Yes,4612,,
281,Automation of Software Test,AST,ICORE2026,C,No,4612,,
288,Body Sensor Networks,BSN,ICORE2026,C,No,4601,,
294,British Computer Society Conference on Human-Computer Interaction,HCI,ICORE2026,National,Yes,4608,,
296,British Machine Vision Conference,BMVC,ICORE2026,A,Yes,4603,,
2341,Certified Programs and Proofs,CPP,ICORE2026,B,Yes,4613,4612,
2259,CHI PLAY: The Annual Symposium on Computer-Human Interaction in Play,CHI PLAY,ICORE2026,Journal Published,Yes,4608,4607,
319,Cologne-Twente Workshop on Graphs and Combinatorial Optimization,CTW,ICORE2026,C,No,4613,,
321,Combinatorial Pattern Matching,CPM,ICORE2026,B,Yes,4603,,
326,Computability in Europe: Logic and Theory of Algorithms,CiE,ICORE2026,C,No,4613,,
327,Computational Intelligence in Security for Information Systems,CISIS,ICORE2026,National: Spain,No,4604,,
331,Computer Aided Verification,CAV,ICORE2026,A*,Yes,4612,4613,
2289,Computer Algebra in Scientific Computing,CASC,ICORE2026,B,Yes,4613,,
333,"Computer Animation, Information Visualisation, and Digital Effects",CAivDE,ICORE2026,C,No,4607,4603,
335,Computer Graphics International,CGI,ICORE2026,C,Yes,4607,4603,
2229,Computer Sciences and Information Technologies,CSIT,ICORE2026,National,Yes,4602,4612,4605
345,Conference for the International Simulation and Gaming Association,ISAGA,ICORE2026,C,No,4607,4608,
346,Conference in Uncertainty in Artificial Intelligence,UAI,ICORE2026,A,Yes,4602,,
348,Conference of the Association for Machine Translation in the Americas,AMTA,ICORE2026,National/Regional,No,4602,,
349,Conference of the Association of Asian-Pacific Operational Research Societies,APORS,ICORE2026,C,No,4602,,
352,Conference of the European Association for Machine Translation,EAMT,ICORE2026,C,Yes,4602,,
2217,Conference of the European Society for Fuzzy Logic and Technologies,EUSFLAT,ICORE2026,C,Yes,4602,4613,4601
355,Conference on Agile Software Development,XP,ICORE2026,B,Yes,4612,,
2291,Conference on Algebra and Coalgebra in Computer Science,CALCO,ICORE2026,B,Yes,4613,,
356,Conference on Algorithmic Aspects in Information and Management,AAIM,ICORE2026,C,No,4613,,
361,Conference on Combinatorial Optimization and Applications,COCOA,ICORE2026,C,Yes,4602,,
371,Conference on Computational Natural Language Learning,CoNLL,ICORE2026,B,Yes,4602,4611,
2219,CONFERENCE ON COMPUTER SCIENCE AND INTELLIGENCE SYSTEMS,FedCSIS,ICORE2026,C,Yes,4602,4612,4601
1839,Conference on File and Storage Technologies,FAST,ICORE2026,A,No,4605,,
365,Conference on Fun with Algorithms,FUN,ICORE2026,National: Italy,No,4613,4605,
732,Conference on Games (was Computational Intelligence and Games CIG),COG,ICORE2026,C,Yes,4607,4608,
368,Conference on Information Sciences and Systems,CISS,ICORE2026,National: USA,No,4606,,
2201,"Conference on Innovation in Clouds, Internet and Networks",ICIN,ICORE2026,National: France,Yes,4606,,
369,Conference on Innovative Data Systems Research,CIDR,ICORE2026,A,No,4605,,
370,Conference on Integer Programming and Combinatorial Optimization,IPCO,ICORE2026,B,Yes,4613,,
2292,Conference on Intelligent Computer Mathematics,CICM,ICORE2026,C,Yes,4613,4612,4602
1245,"Conference on Interactive Theorem Proving (previously TPHOLs, changed in 2009)",ITP,ICORE2026,B,Yes,4613,,
124,Conference on Learning Theory,COLT,ICORE2026,A*,Yes,4611,4602,
2308,Conference on Robot Learning,CoRL,ICORE2026,Unranked,Yes,4602,4611,4603
378,Conference on Security and Cryptography for Networks,SCN,ICORE2026,National: Italy,Yes,4604,,
380,"Conference on Software Engineering Education and Training (previously Conference is Software Engineering Education, CSEE, changed in 1997)",CSEET,ICORE2026,C,No,4608,,
381,Conference on Software in Telecommunications and Computer Networks,SOFTCOM,ICORE2026,National: Croatia,No,4606,,
384,Conference on Theory and Applications of Models of Computation,TAMC,ICORE2026,C,Yes,4613,,
385,Conference on Visualization and Data Analysis,VDA,ICORE2026,National: USA,No,4608,,
398,"Cooperative Design, Visualization, and Engineering",CDVE,ICORE2026,C,No,4608,,
2346,Creativity and Cognition,C&C,ICORE2026,B,Yes,4608,,
1710,Cryptographers Track at RSA Conference,CT-RSA,ICORE2026,B,Yes,4604,,
407,Current Trends in Theory and Practice of Computer Science,SOFSEM,ICORE2026,B,Yes,46,,
408,Data Compression Conference,DCC,ICORE2026,B,Yes,4605,,
410,Data Warehousing and Knowledge Discovery,DaWaK,ICORE2026,B,Yes,4605,4611,
2243,"Datenbanksysteme für Business, Technologie und Web",BTW,ICORE2026,National:Germany,Yes,4605,,
1996,Design Automation Conf,DAC,ICORE2026,A*,Yes,CSE,,
421,"Design, Automation and Test in Europe Conference",DATE,ICORE2026,A,Yes,CSE,4612,
422,Designing Interactive Systems,DIS,ICORE2026,A,Yes,4608,,
2177,Developments in eSystems Engineering,DeSE,ICORE2026,C,Yes,46,,
425,Developments in Language Theory,DLT,ICORE2026,C,Yes,4613,,
1997,Digital Audio Effects Conference,DAFX,ICORE2026,C,No,4603,,
427,Digital Games Research Conference,DIGRA,ICORE2026,C,No,4607,4608,
428,Digital Image Computing Techniques and Applications,DICTA,ICORE2026,Australasian C,Yes,4603,,
2191,Discovery Science,DS,ICORE2026,B,Yes,4611,4602,4601
1324,DNA Computing and Molecular Programming,DNA,ICORE2026,B,No,4601,,
439,Dynamic Languages Symposium,DLS,ICORE2026,C,Yes,4612,,
446,Educational Data Mining,EDM,ICORE2026,B,No,4601,,
2159,"EMAS (merger of DALT, AOSE and PROMAS)",EMAS,ICORE2026,B,Yes,4602,,
448,Empirical Methods in Natural Language Processing,EMNLP,ICORE2026,A*,Yes,4602,,
2193,Engineering Interactive Computing Systems,EICS,ICORE2026,Journal Published,Yes,4608,4612,
457,ETHICOMP Conference,ETHICOMP,ICORE2026,C,Yes,4608,,
2170,EURO AMERICAN CONFERENCE ON TELEMATICS AND INFORMATION SYSTEMS,EATIS,ICORE2026,C,Yes,4606,4608,
458,Euro XR International Conference (was Euro VR),Euro XR,ICORE2026,C,Yes,4607,4608,
459,"EuroConference on Combinatorics, Graph Theory and Applications",EUroComb,ICORE2026,C,No,4613,,
460,Eurographics Symposium on Parallel Graphics and Visualization,EGPGV,ICORE2026,C,No,4607,4603,
462,Eurographics/IEEE Symposium on Visualization,EuroVis,ICORE2026,B,Yes,4607,4608,
463,Euromicro Conference on Real-Time Systems,ECRTS,ICORE2026,B,Yes,4606,,
464,Euromicro Conference on Software Engineering and Advanced Applications,SEAA,ICORE2026,B,No,4612,4601,
2334,Euromicro Conference Series on Digital System Design,DSD,ICORE2026,C,Yes,CSE,4606,
465,"Euromicro International Conference on Parallel, Distributed and Network Based Processing",PDP,ICORE2026,C,No,4606,,
468,European Association for Computational Linguistics,EACL,ICORE2026,A,Yes,4602,,
469,European Chapter on Combinatorial Optimization,ECCO,ICORE2026,C,No,4613,,
473,European Conference on Artificial Intelligence,ECAI,ICORE2026,A,Yes,4602,4603,4611
475,European Conference on Computational Biology,ECCB,ICORE2026,C,No,4601,,
478,European Conference on Computer Supported Cooperative Work,ECSCW,ICORE2026,B,No,4608,,
479,European Conference on Computer Vision,ECCV,ICORE2026,A*,Yes,4603,,
480,European Conference on Digital Government (was European Conference on e-Government ECEG),ECDG,ICORE2026,C,Yes,4601,,
2195,European Conference on Evolutionary Computation in Combinatorial Optimisation,EvoCOP,ICORE2026,B,Yes,4602,,
481,European Conference on Genetic Programming,EUROGP,ICORE2026,B,Yes,4602,,
483,European Conference on Information Retrieval,ECIR,ICORE2026,A,Yes,4605,,
491,European Conference on Machine Learning and Principles and Practice of Knowledge Discovery in Database (PKDD and ECML combined from 2008),ECML PKDD,ICORE2026,A,Yes,4611,4605,
2287,European Conference on Modelling Foundations and Applications,ECMFA,ICORE2026,B,Yes,4612,,
521,European Conference on Multi-Agent Systems,EUMAS,ICORE2026,C,Yes,4602,,
488,European Conference on Object-Oriented Programming,ECOOP,ICORE2026,A,Yes,4612,,
489,European Conference on Operations Research,EURO,ICORE2026,C,No,4602,,
490,European Conference on Pattern Languages of Programs,EuroPLop,ICORE2026,National: Germany,Yes,4612,,
2165,European Conference on Software Architecture,ECSA,ICORE2026,B,Yes,4612,,
495,European Conference on Symbolic and Quantitative Approaches to Reasoning with Uncertainty,ECSQARU,ICORE2026,C,Yes,4602,,
2262,European Conference on Technology Enhanced Learning,EC-TEL,ICORE2026,B,Yes,4601,4608,
2192,European Dependable Computing Conference,EDCC,ICORE2026,Unranked,Yes,4604,4612,4606
505,European MPI Users' Group Conference,EuroMPI,ICORE2026,C,No,4606,,
510,European SPI,EuroSPI,ICORE2026,B,Yes,4612,,
511,European Symposium on Algorithms,ESA,ICORE2026,A,Yes,4613,,
512,European Symposium on Artificial Neural Networks,ESANN,ICORE2026,B,No,4611,,
514,European Symposium on Programming,ESOP,ICORE2026,A,Yes,4612,,
515,European Symposium On Research In Computer Security,ESORICS,ICORE2026,A,Yes,4604,,
519,European Workshop on Computational Geometry,EuroCG,ICORE2026,C,No,4613,,
524,European-Japanese Conference on Information Modelling and Knowledge Bases,EJC,ICORE2026,C,No,4605,,
525,Eurosys Conference,EuroSys,ICORE2026,A,Yes,4606,,
527,Exploring Modelling Methods in Systems Analysis and Design,EMMSAD,ICORE2026,C,No,4612,,
2021,Extended Semantic Web Conference (was European Semantic Web Conference),ESWC,ICORE2026,B,Yes,4605,,
528,Extending Database Technology,EDBT,ICORE2026,B,Yes,4605,,
2263,Eye Tracking Research and Applications,ETRA,ICORE2026,B,Yes,4608,4607,4603
2318,Field Programmable Logic and Applications,FPL,ICORE2026,B,Yes,CSE,,
533,Financial Cryptography and Data Security Conference,FC,ICORE2026,A,Yes,4604,,
537,Flexible Query-Answering Systems,FQAS,ICORE2026,C,No,4605,,
538,Florida Artificial Intelligence Research Society Conference,FlAIRS,ICORE2026,National: USA,Yes,4602,,
2196,Formal Methods in Computer-Aided Design,FMCAD,ICORE2026,B,Yes,4612,,
544,Forum on Specification and Design Languages,FDL,ICORE2026,C,No,4612,,
546,Foundations of Genetic Algorithms,FOGA,ICORE2026,A,Yes,4602,,
547,Foundations of Software Science and Computational Structures,FOSSACS,ICORE2026,B,Yes,4613,4612,
548,Foundations of Software Technology and Theoretical Computer Science,FST&TCS,ICORE2026,National: India,Yes,4613,,
2027,Frontiers in Education,FIE,ICORE2026,C,Yes,4608,,
554,Fundamental Approaches to Software Engineering,FASE,ICORE2026,B,Yes,4612,,
556,Genetic and Evolutionary Computations,GECCO,ICORE2026,A,Yes,4602,,
560,Geometry Modeling and Processing,GMP,ICORE2026,C,No,4613,4607,
563,German Conference on Artificial Intelligence,KI,ICORE2026,National/Regional,Yes,0801,,
565,"GI International Conference on Detection of Intrusions and Malware, and Vulnerability Assessment",DIMVA,ICORE2026,B,Yes,4604,,
572,Graph Drawing,GD,ICORE2026,A,Yes,4613,,
573,Graphics Interface,GI,ICORE2026,B,No,4607,4608,
574,Haskell Workshop,HASKELL,ICORE2026,C,No,4612,,
2198,HCist - International Conference on Health and Social Care Information Systems and Technologies,HCist,ICORE2026,Unranked,Yes,4601,,
576,Health Informatics Conference,HIC,ICORE2026,Australasian C,Yes,4601,,
579,Heterogeneity in Computing Workshop,HCW,ICORE2026,C,No,4606,,
584,Human System Interaction,HSI,ICORE2026,C,No,4608,,
2215,Human-Agent Interaction,HAI,ICORE2026,B,Yes,4608,,
2036,IADIS International Conference Applied Computing,IADIS AC,ICORE2026,C,No,4601,,
591,Iberian Conference on Pattern Recognition and Image Analysis,IBPRIA,ICORE2026,National/Regional,Yes,0801,,
592,IberoAmerican Congress on Pattern Recognition,CIARP,ICORE2026,C,Yes,4603,4611,
2265,"ICT in Education, Research, and Industrial Applications",ICTERI,ICORE2026,National: Ukraine,Yes,4601,4605,
595,IEEE Automatic Speech Recognition and Understanding Workshop,ASRU,ICORE2026,C,No,4602,,
596,IEEE Bioinformatics and Bioengineering,BIBE,ICORE2026,C,No,4601,,
599,IEEE Computer Security Foundations Symposium (was CSFW),CSF,ICORE2026,A,Yes,4604,,
2247,IEEE Conference of the Open Innovations Association FRUCT,FRUCT,ICORE2026,Regional,Yes,4606,4613,
2184,IEEE Conference on Cognitive and Computational Aspects of Situation Management ,CogSIMA,ICORE2026,National:USA,Yes,4606,,
602,IEEE Conference on Computational Complexity,CCC,ICORE2026,A,Yes,4613,,
604,IEEE Conference on Computer Vision and Pattern Recognition,CVPR,ICORE2026,A*,Yes,4603,,
607,IEEE Conference on Local Computer Networks,LCN,ICORE2026,B,Yes,4606,,
608,IEEE Conference on Mass Storage Systems and Technologies,MSST,ICORE2026,National: USA,No,4606,,
611,"IEEE Conference on Systems, Man and Cybernetics",SMC,ICORE2026,B,No,4608,,
758,IEEE Conference on Virtual Reality and 3D User Interfaces,VR,ICORE2026,A*,Yes,4607,4608,
2061,IEEE Congress on Evolutionary Computation,CEC,ICORE2026,B,Yes,4602,,
615,IEEE Congress on Services,SERVICES,ICORE2026,B,No,4606,,
616,IEEE Consumer Communications and Networking Conference,IEEE CCNC,ICORE2026,B,No,4606,,
2185,IEEE European Symposium on Security and Privacy,EuroS&P,ICORE2026,A,Yes,4604,,
2316,IEEE European Test Symposium,ETS,ICORE2026,B,Yes,CSE,,
2347,IEEE Global Engineering Education Conference,EDUCON,ICORE2026,C,Yes,4601,4608,
620,IEEE Global Internet Symposium,GI,ICORE2026,C,No,4606,,
2030,IEEE Global Telecommunications Conference ,GLOBECOM,ICORE2026,B,No,4606,,
2321,IEEE Industrial Electronics Society,IECON,ICORE2026,C,Yes,CSE,,
2037,IEEE Industry Applications Society Annual Conference,IAS,ICORE2026,National: USA,No,4601,,
2042,"IEEE International Conference on Acoustics, Speech and Signal Processing",ICASSP,ICORE2026,Multiconference,Yes,4603,,
628,IEEE International Conference on Advanced Learning Technologies,ICALT,ICORE2026,B,Yes,4601,4608,
92,IEEE International Conference on Advanced Video and Signal Based Surveillance,AVSS,ICORE2026,B,Yes,4603,,
629,IEEE International Conference on Automatic Face and Gesture Recognition,FG,ICORE2026,B,Yes,4603,,
2274,IEEE International Conference on Big Data,BigData,ICORE2026,B,Yes,4605,4611,4602
2304,IEEE International Conference on Blockchain and Cryptocurrency,ICBC,ICORE2026,C,Yes,4606,4604,4612
631,IEEE International Conference on Cloud Computing,CLOUD,ICORE2026,B,Yes,4606,,
2251,IEEE International Conference on Cloud Computing in Emerging Markets,CCEM,ICORE2026,National:India,Yes,4606,4602,4605
931,IEEE International Conference on Cloud Computing Technology and Science (International Conference on Cloud Computing pre 2010),CloudCom,ICORE2026,C,No,4606,,
632,IEEE International Conference on Cluster Computing,CLUSTER,ICORE2026,C,Yes,4606,,
633,IEEE International Conference on Cognitive Informatics,ICCI,ICORE2026,C,No,4602,4611,
2343,IEEE International Conference on Computational Photography,ICCP,ICORE2026,B,Yes,4603,,
637,IEEE International Conference on Computer and Information Technology,CIT,ICORE2026,C,No,46,,
2074,IEEE International Conference on Computer Communications,INFOCOM,ICORE2026,A*,Yes,4606,,
2320,IEEE International Conference on Computer Design,ICCD,ICORE2026,C,Yes,CSE,,
638,IEEE International Conference on Computer Vision,ICCV,ICORE2026,A*,Yes,4603,,
2342,IEEE International Conference on Content-Based Multimedia Indexing,CBMI,ICORE2026,C,Yes,4603,4611,4602
641,IEEE International Conference on Cybernetics and Intelligent Systems,CIS,ICORE2026,C,No,4602,,
642,IEEE International Conference on Data Mining,ICDM,ICORE2026,A*,Yes,4605,4611,
2237,IEEE International Conference on Data Science and Advanced Analytics,DSAA,ICORE2026,B,Yes,4605,4611,
2182,IEEE International Conference on Data Science and Engineering,ICDSE,ICORE2026,National:India,Yes,4605,4611,
644,IEEE International Conference on Distributed Computing in Sensor Systems,DCOSS,ICORE2026,B,No,4606,,
2047,IEEE International Conference on Document Analysis and Recognition,ICDAR,ICORE2026,A,Yes,4605,,
648,IEEE International Conference on e-Science and Grid Computing,e-Science,ICORE2026,B,Yes,4606,4601,4612
1472,IEEE international conference on ehealth networking applications and services (was International Workshop on Enterprise Networking and Computing in Health Care Industry; changed 2006),HealthCom,ICORE2026,C,Yes,4601,,
2322,IEEE International Conference on Emerging Technologies and Factory Automation,ETFA,ICORE2026,C,Yes,CSE,,
646,IEEE International Conference on Engineering of Complex Computer Systems,ICECCS,ICORE2026,B,Yes,4612,4606,
2248,IEEE International Conference on Fog and Edge Computing,ICFEC,ICORE2026,C,Yes,4606,4601,
649,IEEE International Conference on Fuzzy Systems,FUZZ-IEEE,ICORE2026,B,Yes,4602,,
650,IEEE International Conference on Global Software Engineering,ICGSE,ICORE2026,C,Yes,4612,,
652,IEEE International Conference on High Performance Computing and Communications,HPCC,ICORE2026,C,Yes,4606,,
654,IEEE International Conference on Image Processing,ICIP,ICORE2026,B,Yes,4603,,
2323,IEEE International Conference on Industrial Informatics,INDIN,ICORE2026,C,Yes,CSE,,
657,IEEE International Conference on Information Reuse and Integration,IRI,ICORE2026,National: USA,No,4605,4602,
658,IEEE International Conference on Intelligence and Security Informatics,ISI,ICORE2026,C,No,4604,,
660,IEEE International Conference on Intelligent Computer Communication and Processing,ICCP,ICORE2026,National: Romania,No,4602,,
661,IEEE International Conference on Intelligent Systems,IEEE IS,ICORE2026,C,No,4602,,
663,IEEE International Conference on Mobile Ad-hoc and Sensor Systems,MASS,ICORE2026,B,No,4606,,
664,IEEE International Conference on Multimedia and Expo,ICME,ICORE2026,A,Yes,4603,,
669,IEEE International Conference on Pervasive Computing and Communications,PERCOM,ICORE2026,A*,Yes,4608,4606,
1181,"IEEE International Conference on Program Comprehension (previously IWPC, changed in 2006)",ICPC,ICORE2026,A,Yes,4612,,
2325,IEEE International Conference on Quantum Computing and Engineering,QCE,ICORE2026,National/Regional,Yes,CSE,,
2345,IEEE International Conference on Robot and Human Interactive Communication,RO-MAN,ICORE2026,B,Yes,4608,4602,4601
2051,IEEE International Conference on Robotics and Automation,ICRA,ICORE2026,A*,Yes,4602,CSE,
610,"IEEE International Conference on Sensing, Communication and Networking",SECON,ICORE2026,B,No,4606,,
2339,IEEE International Conference on Smart Computing,SmartComp,ICORE2026,B,Yes,4601,4611,4606
2280,"IEEE International Conference on Software Analysis, Evolution and Reengineering",SANER,ICORE2026,A,Yes,4612,,
676,"IEEE International Conference on Software Maintenance and Evolution (prior to 2014 was ICSM, IEEE International Conference on Software Maintenance)",ICSME,ICORE2026,A,Yes,4612,,
674,IEEE International Conference on Software Services Engineering (previously IEEE International Conference on Services Computing SCC),IEEE SSE,ICORE2026,B,Yes,4606,,
1757,IEEE International Conference on Visual Communications and Image Processing (was SPIE ... pre 2011),VCIP,ICORE2026,C,Yes,4603,,
678,IEEE International Conference on Web Services,ICWS,ICORE2026,A,Yes,4606,,
679,"IEEE International Conference on Wireless and Mobile Computing, Networking and Communications",WiMob,ICORE2026,B,Yes,4606,,
682,IEEE International Enterprise Distributed Object Computing Conference,EDOC,ICORE2026,B,Yes,4606,,
683,IEEE International Geoscience and Remote Sensing Symposium,IGARSS,ICORE2026,C,No,4601,,
685,IEEE International Joint Conference on Neural Networks,IJCNN,ICORE2026,B,Yes,4611,,
688,IEEE International Parallel and Distributed Processing Symposium (was IPPS and SPDP),IPDPS,ICORE2026,A,Yes,4606,CSE,
689,IEEE International Performance Computing and Communications Conference,IPCCC,ICORE2026,C,Yes,4606,,
690,IEEE International Requirements Engineering Conference,RE,ICORE2026,A,Yes,4612,,
2296,IEEE International Scientific Conference on Informatics,Informatics,ICORE2026,National:Slovakia,Yes,4613,4612,
691,"IEEE International Symposium on a World of Wireless, Mobile and Multimedia Networks",WoWMoM,ICORE2026,C,Yes,4606,,
692,IEEE International Symposium on Adaptive Dynamic Programming and Reinforcement Learning,IEEE ADPRL,ICORE2026,C,No,4611,,
693,IEEE International Symposium on Artificial Life,IEEE Alife,ICORE2026,C,Yes,4602,,
2317,IEEE International Symposium on Circuits and Systems,ISCAS,ICORE2026,C,Yes,CSE,,
695,"IEEE International Symposium on Cluster, Cloud and Grid Computing",CCGRID,ICORE2026,B,Yes,4606,,
2350,IEEE International Symposium on Computer-Based Medical Systems,CBMS,ICORE2026,B,Yes,4601,4608,4611
699,IEEE International Symposium on Information Theory,ISIT,ICORE2026,B,Yes,46,,
701,IEEE International Symposium on Multimedia,ISM,ICORE2026,C,No,4603,,
702,IEEE International Symposium on Network Computing and Applications,NCA,ICORE2026,B,Yes,4606,,
704,IEEE International Symposium on Parallel and Distributed Processing with Applications,ISPA,ICORE2026,C,Yes,4606,,
705,IEEE International Symposium on Performance Analysis of Systems and Software,ISPASS,ICORE2026,B,Yes,4612,,
706,IEEE International Symposium on Personal and Indoor Mobile Radio Conference,PIMRC,ICORE2026,B,No,4606,,
749,IEEE International Symposium on Rapid System Prototyping (was IEEE Symposium on Rapid Prototyping),RSP,ICORE2026,C,No,4612,,
703,IEEE International Symposium on Real-Time Distributed Computing,ISORC,ICORE2026,C,Yes,4606,,
708,IEEE International Symposium on Wearable Computers,ISWC,ICORE2026,Journal Published,Yes,4608,,
710,IEEE International Test Conference,ITC,ICORE2026,A,Yes,CSE,,
711,IEEE International Working Conference on Mining Software Repositories,MSR,ICORE2026,A,Yes,4612,4605,
720,IEEE International Working Conference on Software Visualisation,VISSOFT,ICORE2026,B,No,4608,4612,
718,IEEE International Working Conference on Source Code Analysis and Manipulation,SCAM,ICORE2026,C,Yes,4612,,
717,IEEE International Workshop on Quality of Service,IWQoS,ICORE2026,B,No,4606,,
2088,IEEE LAN/MAN Workshop,LANMAN,ICORE2026,C,No,4606,,
723,IEEE Network Operations and Management Symposium,NOMS,ICORE2026,B,Yes,4606,,
724,IEEE Pacific Visualization Symposium (was APVIS),PacificVis,ICORE2026,B,Yes,4608,,
725,IEEE Real-Time and Embedded Technology and Applications Symposium,RTAS,ICORE2026,A,Yes,4606,,
756,IEEE Region 10 Conference,Tencon,ICORE2026,C,No,46,,
726,IEEE Software Engineering Workshop,SEW,ICORE2026,C,No,4612,,
727,IEEE Swarm Intelligence Symposium,IEEE SIS,ICORE2026,C,No,4602,,
731,IEEE Symposium on Computational Intelligence and Data Mining,CIDM,ICORE2026,C,No,4605,4611,
733,IEEE Symposium on Computational Intelligence for Financial Engineering,IEEE CIFEr,ICORE2026,C,No,4601,,
735,IEEE Symposium on Computational intelligence for Multimedia Signal and Vision Processing,IEEE CIMSIVP,ICORE2026,C,No,4603,,
736,IEEE Symposium on Computational Intelligence for Security and Defence Applications,IEEE CISDA,ICORE2026,C,No,4601,,
737,IEEE Symposium on Computational Intelligence in Bioinformatics and Computational Biology,CIBCB,ICORE2026,C,No,4601,,
738,IEEE Symposium on Computational Intelligence in Control and Automation,IEEE CICA,ICORE2026,C,No,4602,,
739,IEEE Symposium on Computational Intelligence in Cyber Security,IEEE CICS,ICORE2026,C,No,4604,,
743,IEEE Symposium on Computer Arithmetic,ARITH,ICORE2026,C,No,4613,,
744,IEEE Symposium on Computers and Communications,ISCC,ICORE2026,C,Yes,4606,,
2026,IEEE Symposium on Field Programmable Custom Computing Machines,FCCM,ICORE2026,National/Regional,Yes,CSE,4606,
745,IEEE Symposium on Foundations of Computer Science,FOCS,ICORE2026,A*,Yes,4613,,
746,IEEE Symposium on High-Performance Interconnects,HOTI,ICORE2026,National: USA,No,4606,,
748,IEEE Symposium on Logic in Computer Science,LICS,ICORE2026,A*,Yes,4613,,
750,IEEE Symposium on Security and Privacy,SP,ICORE2026,A*,Yes,4604,,
752,IEEE Symposium on Visual Languages and Human-Centric Computing (was VL),VL/HCC,ICORE2026,B,Yes,4608,,
757,IEEE Vehicular Technology Conference,VTC,ICORE2026,B,Yes,4606,,
759,IEEE Visualization,IEEE VIS,ICORE2026,A,Yes,4608,,
2315,IEEE VLSI Test Symposium,VTS,ICORE2026,National/Regional,Yes,CSE,,
760,IEEE Wireless Communications and Networking Conference,WCNC,ICORE2026,B,No,4606,,
763,IEEE Workshop on Applications of Computer Vision,WACV,ICORE2026,A,Yes,4603,,
771,IEEE Workshop on High Performance Switching and Routing,HPSR,ICORE2026,C,No,4606,,
782,IEEE/ACIS International Conference on Computer and Information Science,ICIS,ICORE2026,C,No,46,,
2311,IEEE/ACM International Conference on Advances in Social Networks Analysis and Mining,ASONAM,ICORE2026,B,Yes,4605,4608,4611
2275,"IEEE/ACM International Conference on Big Data Computing, Applications and Technologies",BDCAT,ICORE2026,C,Yes,4611,4605,4601
783,IEEE/ACM International Conference on Computer-Aided Design,ICCAD,ICORE2026,A,Yes,CSE,4606,
2331,IEEE/ACM International Symposium on Low Power Electronics and Design,ISLPED,ICORE2026,A,Yes,CSE,4601,
785,IEEE/ACM International Symposium on Mixed and Augmented Reality,ISMAR,ICORE2026,A*,Yes,4607,4608,
787,IEEE/IFIP International Conference on Dependable Systems and Networks,DSN,ICORE2026,A,Yes,4606,CSE,
788,IEEE/IFIP International Conference on Embedded and Ubiquitous Computing,EUC,ICORE2026,C,No,4606,,
2356,IEEE/IFIP International Conference on Very Large Scale Integration of System-on-Chip,VLSI-SOC,ICORE2026,C,Yes,CSE,,
792,IEEE/RSJ International Conference on Intelligent Robots and Systems,IROS,ICORE2026,A,Yes,4602,CSE,
794,IEEE/WIC/ACM International Conference on Web Intelligence (previously joint with Intelligent Agent Technology WI-IAT),WI,ICORE2026,B,Yes,4602,4605,
796,IFAC Conference on System Structure and Control,SSSC,ICORE2026,C,No,4612,4606,
797,"IFAC Symposium on Fault Detection, Supervision and Safety of Technical Processes",SAFEProcess,ICORE2026,C,No,4604,,
804,IFIP Information Security & Privacy Conference,IFIP SEC,ICORE2026,B,Yes,4604,,
801,IFIP International Conference on Distributed Applications and Interoperable Systems,DAIS,ICORE2026,C,Yes,4606,,
810,IFIP International Conference on Network and Parallel Computing,NPC,ICORE2026,C,No,4606,,
806,IFIP International Conference on Networking,Networking,ICORE2026,B,Yes,4606,,
2116,"IFIP International Symposium on Computing Performance, Modelling, Measurement and Evaluation",PERFORMANCE,ICORE2026,Journal Published,Yes,4612,,
805,"IFIP Joint International Conference on Formal Description Techniques and Protocol Specification, Testing, And Verification",FORTE,ICORE2026,C,Yes,4612,,
807,IFIP TC13 Conference on Human-Computer Interaction,Interact,ICORE2026,B,Yes,4608,,
2067,IFIP WG 11.3 Working Conference on Data and Applications Security (also known as DBSEC),DBSEC,ICORE2026,B,Yes,4604,,
2242,IFIP WG8.1 Working Conference on the Practice of Enterprise Modeling,PoEM,ICORE2026,unranked: not primarily CS,Yes,46,,
809,IFIP Working Conferences on Virtual Enterprises,PRO-VE,ICORE2026,C,No,4606,4601,
2306,IFIP/IEEE International Conference on Performance Evaluation and Modeling in Wired and Wireless Networks,PEMWN,ICORE2026,C,Yes,4606,,
812,IFIP/IEEE International Symposium on Integrated Management (even years sharing with NOMS),IM,ICORE2026,B,Yes,4606,,
814,IFSA World Congress,IFSA,ICORE2026,C,Yes,4602,,
816,IMA International Conference on Cryptography and Coding,IMACC,ICORE2026,C,Yes,4604,,
817,Image and Vision Computing Conference,IVCNZ,ICORE2026,Australasian C,Yes,4603,,
2267,Indian Conference on Human-Computer Interaction,IndiaHCI,ICORE2026,National: India,Yes,4608,,
819,Inductive Logic Programming,ILP,ICORE2026,B,No,4613,,
820,Industrial Simulation Conference,ISC,ICORE2026,C,No,4602,4601,
1493,Information Hiding and Multimedia Security Workshop,IH&MMSec,ICORE2026,C,No,4604,,
822,Information Integration and Web-based Applications and Services,IIWAS,ICORE2026,C,Yes,46,4605,
827,Information Security Conference,ISC,ICORE2026,C,Yes,4604,,
825,Information Security Practice and Experience Conference,ISPEC,ICORE2026,C,Yes,4604,,
826,Information Security Symposium,CERIAS,ICORE2026,National: USA,No,4604,,
830,Information Theory Workshop,ITW,ICORE2026,B,Yes,4613,,
831,Information Visualisation Theory and Practice,InfVis,ICORE2026,C,No,4608,,
833,Information Visualization in Biomedical Informatics,IVBI,ICORE2026,C,No,4601,4608,
834,Informing Science and Information Technology Education,InSITE,ICORE2026,C,No,4608,,
2176,Innovations in Theoretical Computer Science,ITCS,ICORE2026,A,Yes,4613,,
836,Innovative Applications in AI,IAAI,ICORE2026,C,No,4602,4601,
839,Int. Workshop on Formal Methods for Industrial Critical Systems,FMICS,ICORE2026,C,No,4612,,
842,Integrated Formal Methods,IFM,ICORE2026,B,Yes,4612,4613,
845,Intelligent Data Analysis,IDA,ICORE2026,B,Yes,4605,4611,
2203,Intelligent Distributed Computing,IDC,ICORE2026,Unranked,Yes,4606,,
847,Intelligent Systems in Molecular Biology,ISMB,ICORE2026,A,Yes,4601,,
2062,Intelligent Vehicles Conference,IEEE-IV,ICORE2026,B,Yes,4602,,
849,Intelligent Virtual Agents,IVA,ICORE2026,B,Yes,4602,4608,
2065,Intenational Environmental Modelling and Software Society,iEMSs,ICORE2026,C,No,4601,,
851,Interaction Design and Children (ACM),IDC,ICORE2026,B,Yes,4608,,
852,Interactive Entertainment,IE,ICORE2026,Australasian C,No,4607,4608,
2349,International ACM Conference on Automotive User Interfaces and Interactive Vehicular Applications,Automotive_UI,ICORE2026,B,Yes,4608,,
2258,International ACM SIGACCESS Conference on Computers and Accessibility,ASSETS,ICORE2026,A,Yes,4608,,
861,International Baltic Conference on Databases and Information Systems,DB&IS,ICORE2026,Regional - Baltic,No,4605,,
864,International Colloquium on Automata Languages and Programming,ICALP,ICORE2026,A*,Yes,4613,,
866,International Colloquium on Structural Information and Communication Complexity,SIROCCO,ICORE2026,B,No,4613,,
867,International Colloquium on Theoretical Aspects of Computing,ICTAC,ICORE2026,C,Yes,4613,,
870,International Computer Science Symposium in Russia,CSR,ICORE2026,National: Russia,Yes,46,,
871,International Computer Software and Applications Conference,COMPSAC,ICORE2026,B,Yes,4601,,
872,International Computing Education Research Workshop,ICER,ICORE2026,A,Yes,4608,,
882,"International Conference Abstract State Machines, Alloy, B, TLA, VDM, and Z (Previously International Conference of B and Z Users, ZB, changed in 2008)",ABZ,ICORE2026,C,No,4612,4613,
873,International Conference and Exhibition on High Performance Computing in the Asia-Pacific Region,HPC Asia,ICORE2026,C,Yes,4606,,
1448,International Conference and Workshops on Algorithms and Computation,WALCOM,ICORE2026,B,Yes,4613,,
77,"International Conference for High Performance Computing, Networking, Storage and Analysis (was Supercomputing Conference)",SC,ICORE2026,A,No,CSE,4606,
876,International Conference Formal Concept Analysis Conference,ICFCA,ICORE2026,C,No,4613,,
878,International Conference in Business Process Management,BPM,ICORE2026,A,No,4612,,
2269,International Conference in Methodologies and Intelligent Systems for Technology Enhanced Learning,MIS4TEL,ICORE2026,National: Spain,Yes,4601,4608,4602
2266,International Conference of the Immersive Learning Research Network,iLRN,ICORE2026,C,Yes,4601,4608,
921,International Conference on Advanced and Trusted Computing (was International Conference on Autonomic and Trusted Computing),ATC,ICORE2026,C,No,4604,4606,4605
887,International Conference on Advanced Computing and Communications,AdCom,ICORE2026,National: India,No,4606,,
888,International Conference on Advanced Data Mining and Applications,ADMA,ICORE2026,C,Yes,4605,4611,
890,International Conference on Advanced Information Networking and Applications (was ICOIN),AINA,ICORE2026,B,No,4606,,
891,International Conference on Advanced Information Systems Engineering,CaiSE,ICORE2026,A,Yes,4605,,
2231,International Conference on Advanced Technologies For Signal & Image Processing,ATSIP,ICORE2026,National: Tunisia,Yes,4603,4605,
895,International Conference on Advances in Computer-Human Interactions,ACHI,ICORE2026,C,No,4608,,
899,International Conference on Advances in Mobile Computing and Multimedia,MOMM,ICORE2026,C,Yes,4606,,
901,International Conference on Affective Computing and Intelligent,ACII,ICORE2026,B,Yes,4608,,
902,International Conference on Agents and Artificial Intelligence,ICAART,ICORE2026,B,Yes,4602,,
2337,International Conference on AI Engineering – Software Engineering for AI,CAIN,ICORE2026,B,Yes,4612,4602,
905,International Conference on Algorithms and Architectures for Parallel Processing,ICA3PP,ICORE2026,C,Yes,4606,,
906,International Conference on Algorithms and Complexity (was Italian Conference ),CIAC,ICORE2026,C,No,4613,,
2228,"International Conference on Analysis of Images, Social Networks and Texts",AIST,ICORE2026,National: Russia,Yes,4602,4603,4605
2218,International Conference on Applications of Evolutionary Computation,EvoApplications,ICORE2026,B,Yes,4602,4611,4601
907,International Conference on Applied Cryptography and Network Security,ACNS,ICORE2026,B,Yes,4604,,
909,International Conference on Artificial Intelligence,IC-AI,ICORE2026,National: USA,No,4602,4611,
910,International Conference on Artificial Intelligence and Law,ICAIL,ICORE2026,C,No,4602,4601,
912,International Conference on Artificial Intelligence and Soft Computing,ICAISC,ICORE2026,National: Poland,No,4602,,
913,International Conference on Artificial Intelligence and Statistics,AISTATS,ICORE2026,A,Yes,4611,4602,
1961,International Conference on Artificial Intelligence in Education,AIED,ICORE2026,A,Yes,4601,4608,
151,International Conference on Artificial Intelligence in Medicine,AIME,ICORE2026,B,Yes,4601,,
2314,"International Conference on Artificial Intelligence in Music, Sound, Art and Design",EvoMUSART,ICORE2026,C,Yes,4602,4607,4608
2162,"International Conference on Artificial Intelligence: Methodology, Systems, Applications",AIMSA,ICORE2026,National: Bulgaria,Yes,4602,4611,
915,International Conference on Artificial Neural Networks,ICANN,ICORE2026,C,Yes,4611,,
461,International Conference on Artificial Reality and Telexistance & Eurographics Symposium on Virtual Environments,EGVE,ICORE2026,C,Yes,4607,4608,
918,International Conference on Automated Deduction,CADE,ICORE2026,A,Yes,4602,,
919,International Conference on Automated Planning and Scheduling,ICAPS,ICORE2026,A*,Yes,4602,,
923,"International Conference on Availability, Reliability and Security",ARES,ICORE2026,B,Yes,4604,,
925,"International Conference on Broadband Communications, Networks and Systems",Broadnets,ICORE2026,C,Yes,4606,,
928,International Conference on Case-Based Reasoning,ICCBR,ICORE2026,C,Yes,4602,,
2300,International Conference on Cloud Computing and Services Science,CLOSER,ICORE2026,C,Yes,4606,,
2332,International Conference on Cloud Engineering,IC2E,ICORE2026,B,Yes,4606,,
933,"International Conference on Collaborative Computing: Networks, Applications and Worksharing",CollaborateCom,ICORE2026,C,Yes,4606,,
2254,International Conference on COMmunication Systems & NETworkS,COMSNETS,ICORE2026,National:India,Yes,4606,4604,
2046,International Conference on Communication Systems and Applications,ICCSA,ICORE2026,C,No,4606,,
936,International Conference on Compiler Construction,CC,ICORE2026,B,Yes,4606,,
937,"International Conference on Compilers, Architecture, and Synthesis for Embedded Systems",CASES,ICORE2026,Journal published,Yes,4606,,
939,"International Conference on Complex, Intelligent and Software Intensive Systems",CISIS,ICORE2026,C,No,4606,,
2294,"International Conference on Complexity, Future Information Systems and Risk",COMPLEXIS,ICORE2026,C,Yes,4613,4606,
941,International Conference on Computability and Complexity in Analysis,CCA,ICORE2026,C,No,4613,,
942,International Conference on Computational Collective Intelligence,ICCCI,ICORE2026,B,Yes,4602,4606,
2199,International Conference on Computational Creativity,ICCC,ICORE2026,C,Yes,46,,
945,International Conference on Computational Intelligence and Security,CIS,ICORE2026,National: China,No,4604,,
949,International Conference on Computational Linguistics,COLING,ICORE2026,B,Yes,4602,,
2326,International Conference on Computational Models of Argument,COMMA,ICORE2026,C,Yes,4602,,
950,International Conference on Computational Molecular Biology,RECOMB,ICORE2026,B,No,4601,,
952,International Conference on Computational Science,ICCS,ICORE2026,Multiconference,Yes,4601,,
953,International Conference on Computational Science and its Applications,ICCSA,ICORE2026,C,No,46,,
955,International Conference on Computer Analysis of Images and Patterns,CAIP,ICORE2026,C,Yes,4603,,
2038,International Conference on Computer Communication and Networks,ICCCN,ICORE2026,B,Yes,4606,,
961,"International Conference on Computer Safety, Reliability and Security",SAFECOMP,ICORE2026,B,No,4604,,
962,International Conference on Computer Supported Cooperative Work in Design,CSCWD,ICORE2026,C,Yes,4608,,
2261,International Conference on Computer Supported Education,CSEDU,ICORE2026,B,Yes,4608,4601,
2232,International Conference on Computer Vision and Graphics,ICCVG,ICORE2026,National: Poland,Yes,4603,4607,4602
964,International Conference on Computer Vision Systems,ICVS,ICORE2026,C,No,4603,,
2260,International Conference on Computer-Human Interaction Research and Applications,CHIRA,ICORE2026,C,Yes,4608,,
965,International Conference on Computers and their Applications,CATA,ICORE2026,National: USA,No,4601,,
966,International Conference on Computers Helping People with Special Needs,ICCHP,ICORE2026,C,No,4601,,
967,International Conference on Computers in Education,ICCE,ICORE2026,C,Yes,4601,,
969,International Conference on Computing and Combinatorics,COCOON,ICORE2026,National:China,No,4613,,
970,International Conference on Computing and Informatics,ICOCI,ICORE2026,C,No,46,,
971,International Conference on Conceptual Modelling,ER,ICORE2026,A,Yes,4605,,
973,International Conference on Concurrency Theory,CONCUR,ICORE2026,B,Yes,4613,4606,
977,"International Conference on Control, Automation, Robotics and Vision",ICARCV,ICORE2026,C,Yes,4602,4603,
2286,"International Conference on Control, Decision and Information Technologies",CoDIT,ICORE2026,C,Yes,4612,4601,
2348,International Conference on Cooperative and Human Aspects of Software Engineering,CHASE,ICORE2026,B,Yes,4608,4612,
979,International Conference on Cooperative Information Systems,CoopIS,ICORE2026,B,Yes,4608,,
980,International Conference on Coordination Models and Languages,Coordination,ICORE2026,C,Yes,4606,,
982,International Conference on Cryptology and Network Security,CANS,ICORE2026,B,No,4604,,
983,International Conference on Cryptology in India,INDOCRYPT,ICORE2026,National: India,No,4604,,
985,International Conference on Cyberworlds (was International Symposium on Cyberworlds),CW,ICORE2026,C,Yes,4607,4608,4603
986,International Conference on Data Engineering,ICDE,ICORE2026,A*,Yes,4605,,
2302,"International Conference on Data Science, Technology and Applications",DATA,ICORE2026,C,Yes,4605,4611,
987,International Conference on Database and Expert Systems Applications,DEXA,ICORE2026,C,Yes,4605,4602,
988,International Conference on Database Systems for Advanced Applications,DASFAA,ICORE2026,B,Yes,4605,,
989,International Conference on Database Theory,ICDT,ICORE2026,A,Yes,4605,,
991,International Conference on Dependability of Computer Systems,DEPCoS,ICORE2026,National: Poland,No,4606,,
992,"International Conference on Dependable, Autonomic and Secure Computing",DASC,ICORE2026,C,No,4604,,
997,International Conference on Digital Society,ICDS,ICORE2026,C,No,4601,,
2225,International Conference on Distributed Computing and Artificial Intelligence,DCAI,ICORE2026,National(Spain),Yes,4602,4606,
1000,International Conference on Distributed Computing and Internet Technologies,ICDCIT,ICORE2026,National: India,No,4606,,
1001,International Conference on Distributed Computing and Networking,ICDCN,ICORE2026,National: India,Yes,4606,,
1002,International Conference on Distributed Computing Systems,ICDCS,ICORE2026,A,Yes,4606,,
1004,International Conference on Dublin Core and Metadata Applications,DC,ICORE2026,C,No,4605,,
1006,International Conference on Electronic Commerce,ICEC,ICORE2026,C,No,4601,,
1186,International Conference on Embedded and Real Time Computing Systems and Applications,RTCSA,ICORE2026,B,Yes,4606,,
16,International Conference on Embedded Software,EMSOFT,ICORE2026,Journal Published,Yes,4606,,
497,International Conference on Embedded Wireless Systems and Networks (wasEuropean Conference on Wireless Sensor Networks),EWSN,ICORE2026,B,Yes,4606,,
2194,International Conference on Emerging Ubiquitous Systems and Pervasive Networks,EUSPN,ICORE2026,Unranked,Yes,4606,,
1011,International Conference on Engineering Applications of Neural Networks,EANN,ICORE2026,C,Yes,4611,,
1019,International Conference on Entertainment Computing,ICEC,ICORE2026,C,No,4607,4608,4603
1022,International Conference on Evaluation and Assessment in Software Engineering,EASE,ICORE2026,A,Yes,4612,,
1023,International Conference on Evaluation of Novel Approaches to Software Engineering,ENASE,ICORE2026,B,Yes,4612,,
2344,International Conference on Evolutionary Multi-Criterion Optimization,EMO,ICORE2026,C,Yes,4602,4608,
2328,International Conference on Factory Communication Systems,WFCS,ICORE2026,C,Yes,CSE,4606,4601
1031,International Conference on Formal Engineering Methods,ICFEM,ICORE2026,C,Yes,4612,,
2279,International Conference on Formal Methods and Models for Co-Design,MEMOCODE,ICORE2026,C,Yes,4612,4613,
1033,International Conference on Formal Ontology in Information Systems,FOIS,ICORE2026,C,Yes,4602,4613,
2290,International Conference on Formal Structures for Computation and Deduction,FSCD,ICORE2026,B,Yes,4613,,
1035,International Conference on Frontiers of Handwriting Recognition,ICFHR,ICORE2026,B,No,4603,,
1036,International Conference on Frontiers of Information Technology,FIT,ICORE2026,National: Pakistan,No,46,,
1037,International Conference on Functional Programming,ICFP,ICORE2026,A,Yes,4612,,
1039,International Conference on Generative Programming and Component Engineering,GPCE,ICORE2026,B,No,4612,,
1042,International Conference on Graph Transformations,ICGT,ICORE2026,B,Yes,4613,4605,
1044,"International Conference on Green, Pervasive and Cloud Computing (was Grid and Pervasive Computing)",GPC,ICORE2026,C,No,4606,,
1422,"International Conference on Hardware/Software Codesign and System Synthesis (previously ISSN, changed in 2003)",CODES+ISSS,ICORE2026,Journal Published,Yes,CSE,4606,
1184,"International Conference on Heterogeneous Networking for Quality, Reliability, Security and Robustness (was International Conference on Quality of Service in Heterogeneous Wired/Wireless Networks)",Qshine,ICORE2026,C,Yes,4606,,
1048,International Conference on High Performance Computing,HiPC,ICORE2026,National: India,Yes,4606,,
1050,International Conference on High Performance Scientific Computing,HPSC,ICORE2026,National: Vietnam,No,4606,,
1053,International Conference on Human Factors in Computing Systems,CHI,ICORE2026,A*,Yes,4608,,
1054,International Conference on Human-Computer Interaction with Mobile Devices and Services,MobileHCI,ICORE2026,B,Yes,4608,,
1055,International Conference on Hybrid Artificial Intelligence Systems,HAIS,ICORE2026,National: Spain,No,4602,,
1056,International Conference on Hybrid Intelligent Systems,HIS,ICORE2026,C,No,4602,,
1058,International Conference on Image Analysis and Processing,ICIAP,ICORE2026,National: Italy,No,4603,,
1059,International Conference on Image and Graphics,ICIG,ICORE2026,National: China,No,4607,4603,
1060,International Conference on Image and Signal Processing,ICISP,ICORE2026,C,Yes,4603,,
2333,International Conference on Image Processing Applications and Systems,IPAS,ICORE2026,C,Yes,4603,4602,CSE
1062,International Conference on Implementation and Application of Automata,CIAA,ICORE2026,C,Yes,4613,,
2244,International Conference on Indoor Positioning and Indoor Navigation,IPIN,ICORE2026,C,Yes,4606,4601,
1064,International Conference on Industrial and Engineering Applications of Artificial Intelligence and Expert Systems,IEA/AIE,ICORE2026,C,Yes,4602,4611,4603
2276,International Conference on Informatics & Data-Driven Medicine,IDDM,ICORE2026,C,Yes,4611,4602,
2226,"International Conference on Informatics in Control, Automation and Robotics",ICINCO,ICORE2026,C,Yes,4602,,
1066,International Conference on Information and Communication Technologies and Development,ICTD,ICORE2026,C,No,4601,,
2241,International Conference on Information and Communication Technologies for Ageing Well and e-Health,ICT4AWE,ICORE2026,C,Yes,4601,4603,4602
1067,International Conference on Information and Communication Technologies in Tourism,ENTER,ICORE2026,C,No,4601,,
1068,International Conference on Information and Communications Security,ICICS,ICORE2026,C,Yes,4604,,
1071,International Conference on Information and Knowledge Engineering,IKE,ICORE2026,National: USA,No,4602,,
1072,International Conference on Information Fusion,FUSION,ICORE2026,C,No,4605,,
1073,International Conference on Information Processing and Management of Uncertainty,IPMU,ICORE2026,C,Yes,4605,4602,
1076,International Conference on Information Security and Cryptography,SECRYPT,ICORE2026,C,Yes,4604,,
1077,International Conference on Information Security and Cryptology,ICISC,ICORE2026,National: Korea,No,4604,,
1081,International Conference on Information Systems Security,ICISS,ICORE2026,National: India,No,4604,,
2234,International Conference on Information Systems Security and Privacy,ICISSP,ICORE2026,C,Yes,4604,,
1083,International Conference on Information Technology and Applications,ICITA,ICORE2026,Australasian C,No,4601,,
1087,International Conference on Information Visualisation,IV,ICORE2026,C,Yes,4608,4607,
837,International Conference on Innovations for Community Services (was Innovative Internet Computer Systems IICS until 2014),I4CS,ICORE2026,C,Yes,4601,,
1090,International Conference on Integration of Artificial Intelligence and Operations Research Techniques in Constraint Programming for Combinatorial Optimization Problems,CPAIOR,ICORE2026,B,Yes,4602,,
1093,International Conference on Intelligent Data Engineering and Automated Learning,IDEAL,ICORE2026,C,No,46,,
1216,"International Conference on Intelligent Software Methodologies, Tools, and Techniques (was International Conference on Software Methods and Tools)",SoMeT,ICORE2026,C,Yes,4612,,
1097,International Conference on Intelligent Systems and Knowledge Engineering,ISKE,ICORE2026,National: China,No,4602,,
1098,International Conference on Intelligent Systems Designs and Applications,ISDA,ICORE2026,C,No,4602,4601,
1099,International Conference on Intelligent Text Processing and Computational Linguistics,CICLING,ICORE2026,C,Yes,4602,,
1100,International Conference on Intelligent Tutoring Systems,ITS,ICORE2026,B,Yes,4601,4608,
1101,International Conference on Intelligent User Interfaces,IUI,ICORE2026,A,Yes,4608,,
2161,International Conference on Interactive Digital Storytelling (2008 merger of 'ICVS International Conference on Virtual Storytelling' and 'TIDSE Technology for Interactive Digital Storytelling'),ICIDS,ICORE2026,C,Yes,4607,4608,
1104,International Conference on Internet and Web Applications and Services,ICIW,ICORE2026,C,No,4606,4605,
1106,International Conference on Internet Computing in Science and Engineering,ICICSE,ICORE2026,C,Yes,4606,,
1107,International Conference on Internet Monitoring and Protection,ICIMP,ICORE2026,C,No,4604,,
2301,"International Conference on Internet of Things, Big Data and Security",IoTBDS,ICORE2026,C,Yes,4604,,
1108,International Conference on Internet Technologies and Applications,ITA,ICORE2026,National: USA,No,46,,
1110,International Conference on Knowledge Engineering and Knowledge Management,EKAW,ICORE2026,B,Yes,4605,,
1111,International Conference on Knowledge Engineering and Ontology Development,KEOD,ICORE2026,C,Yes,4605,,
1112,"International Conference on Knowledge Science, Engineering and Management",KSEM,ICORE2026,C,Yes,4602,4605,
1113,International Conference on Knowledge-Based and Intelligent Information and Engineering Systems,KES,ICORE2026,B,No,4602,,
1115,International Conference on Language and Automata Theory and Applications,LATA,ICORE2026,C,No,4613,,
2268,International Conference on Learning Analytics and Knowledge,LAK,ICORE2026,A,Yes,4608,4601,
2273,International Conference on Learning Representations,ICLR,ICORE2026,A*,Yes,4611,,
1117,International Conference on Legal Knowledge and Information Systems,JURIX,ICORE2026,C,No,4601,,
1119,International Conference on Logic Programming,ICLP,ICORE2026,B,Yes,4613,4612,
1120,International Conference on Logic Programming and Non-monotonic Reasoning,LPNMR,ICORE2026,B,Yes,4602,4613,
1121,International Conference on Machine Learning,ICML,ICORE2026,A*,Yes,4611,,
1122,International Conference on Machine Learning and Applications,ICMLA,ICORE2026,C,No,4611,,
1123,International Conference on Machine Learning and Cybernetics,ICMLC,ICORE2026,National: China,No,4611,,
1124,International Conference on Machine Vision,ICMV,ICORE2026,C,Yes,4603,,
1692,International Conference on Managed Programming Languages and Runtimes (was ManLang and previously Principles and Practice of Programming in Java: PPPJ),MPLR,ICORE2026,C,Yes,4612,,
1125,International Conference on Management of Data,COMAD,ICORE2026,National: India,Yes,4605,,
2205,International Conference on Management of Digital EcoSystems,MEDES,ICORE2026,C,Yes,4606,,
2293,International Conference on Mathematical Foundations of Programming Semantics,MFPS,ICORE2026,B,Yes,4613,,
2277,International Conference on Methods and Models in Automation and Robotics,MMAR,ICORE2026,National:Poland,Yes,4611,4602,
1131,International Conference on Mobile and Ubiquitous Systems: Networks and Services,Mobiquitous,ICORE2026,C,Yes,4606,,
1133,International Conference on Mobile Data Management,MDM,ICORE2026,B,Yes,4605,4606,
2206,International Conference on Mobile Systems and Pervasive Computing,MobiSPC,ICORE2026,Unranked,Yes,4606,,
1134,"International Conference on Mobile Ubiquitous Computing, Systems, Services and Technologies",UBICOMM,ICORE2026,C,Yes,4606,,
2239,International Conference on Model and Data Engineering,MEDI,ICORE2026,C,Yes,4605,4601,
1244,"International Conference on Model Driven Engineering Languages and Systems (Previously UML, changed in 2005)",MODELS,ICORE2026,A,Yes,4612,,
2297,International Conference on Model-Driven Engineering and Software Development,MODELSWARD,ICORE2026,C,Yes,4606,4612,
507,International Conference on Modelling and Simulation,ECMS,ICORE2026,C,Yes,4602,,
1140,International Conference on Modelling Decisions for Artificial Intelligence,MDAI,ICORE2026,B,No,4602,,
1143,International Conference on Multimedia Modelling,MMM,ICORE2026,B,Yes,4603,,
44,International Conference on Multimedia Retrieval (previously MIR),ICMR,ICORE2026,B,Yes,4603,4605,
1144,International Conference on Multimodal Interaction (was International Conference on Multimodal Interfaces),ICMI,ICORE2026,B,Yes,4608,,
1145,International Conference on Natural Computation,ICNC,ICORE2026,National: China,No,4602,,
813,International Conference on Network and Service Management (amalgamation of DSOM and related workshops from 2010),CNSM,ICORE2026,B,Yes,4606,,
1146,International Conference on network and System Security,NSS,ICORE2026,B,Yes,4604,,
1147,International Conference on Network Protocols,ICNP,ICORE2026,B,Yes,4606,,
2245,International Conference on Network Softwarization,NetSoft,ICORE2026,B,Yes,4606,4612,
1152,International Conference on Neural Information Processing,ICONIP,ICORE2026,B,Yes,4611,,
2340,International Conference on Neurosymbolic Learning and Reasoning,NeSy,ICORE2026,C,Yes,4602,4611,4613
2220,International Conference on Operations Research and Enterprise Systems,ICORES,ICORE2026,C,Yes,4602,,
1160,International Conference on Optimization: Techniques And Applications,ICOTA,ICORE2026,C,No,4602,,
1161,International Conference on Pairing-based Cryptography,Pairing,ICORE2026,C,No,4604,,
1162,"International Conference on Parallel and Distributed Computing, Applications and Technologies",PDCAT,ICORE2026,C,Yes,4606,,
1163,International Conference on Parallel and Distributed Processing Techniques and Applications,PDPTA,ICORE2026,National: USA,No,4606,,
1164,International Conference on Parallel and Distributed Systems,ICPADS,ICORE2026,B,No,4606,,
1165,International Conference on Parallel Architecture and Compilation Techniques,PACT,ICORE2026,B,Yes,4606,,
1167,International Conference on Parallel Processing,ICPP,ICORE2026,B,Yes,4606,,
1168,International Conference on Parallel Processing and Applied Mathematics,PPAM,ICORE2026,National: Poland,No,4606,,
1169,International Conference on Pattern Recognition,ICPR,ICORE2026,B,No,4603,,
2230,International Conference on Pattern Recognition Applications and Methods,ICPRAM,ICORE2026,C,Yes,4603,,
1170,International Conference on Persuasive Technology,Persuasive,ICORE2026,B,Yes,0806,,
2224,International Conference on Practical Applications of Computational Biology & Bioinformatics,PACBB,ICORE2026,National(Spain),Yes,4602,4611,
1279,International Conference on Practice and Theory in Public Key Cryptography,PKC,ICORE2026,B,Yes,4604,,
1175,International Conference on Principles and Practice of Constraint Programming,CP,ICORE2026,A,Yes,4602,,
1176,International Conference on Principles and Practice of Declarative Programming,PPDP,ICORE2026,C,Yes,4613,4612,
1177,International Conference on Principles of Distributed Systems,OPODIS,ICORE2026,B,No,4606,,
1663,International Conference on Principles of Practice in Multi-Agent Systems (prior to 2009 was Pacific Rim International Workshop on Multi-Agents),PRIMA,ICORE2026,B,Yes,4602,,
358,"International Conference on Probabilistic, Combinatorial, and Asymptotic Methods in the Analysis of Algorithms (was Conference on Analysis of Algorithms)",AofA,ICORE2026,C,Yes,4613,,
2307,International Conference on Process Mining,ICPM,ICORE2026,B,Yes,4605,4602,
1182,International Conference on Provable Security,ProvSec,ICORE2026,C,Yes,4604,,
2312,International Conference on Quality of Multimedia Experience,QoMEX,ICORE2026,B,Yes,4608,4603,4607
2249,International Conference on Real-Time and Network Systems,RTNS,ICORE2026,National: France,Yes,4606,4612,
1188,International Conference on Recent Advances in Natural Language Processing,RANLP,ICORE2026,National: bulgaria,No,4602,,
1189,International Conference on Relational and AlgebraicMethods in Computer Science (was International Conference on Relational Methods in Computer Science RelMiCS),RAMiCS,ICORE2026,C,No,4613,,
1191,International Conference on Reliable Software Technologies,Ada-Europe,ICORE2026,Journal Published,Yes,4612,,
1192,International Conference on Research Challenges in Information Science,RCIS,ICORE2026,B,Yes,46,,
2309,International Conference on Reversible Computation,RC,ICORE2026,C,Yes,4613,4601,
1193,International Conference on Risks and Security of Internet and Systems,CRiSIS,ICORE2026,C,No,4604,,
1194,"International Conference on Robotics, Vision, Signal Processing and Power Applications (was ROVPIA)",RoVISP,ICORE2026,National: Malaysia,No,4603,,
1932,International Conference on Runtime Verification (was workshop pre 2010),RV,ICORE2026,B,Yes,4612,,
1197,International Conference on Scientific and Statistical Data Base Management,SSDBM,ICORE2026,B,Yes,4605,,
1198,International Conference on Security and Privacy for Communication Networks,SecureComm,ICORE2026,C,Yes,4604,,
1200,International Conference on Security of Information and Networks,SIN,ICORE2026,C,No,4604,,
1203,International Conference on Sequences and their Applications,SETA,ICORE2026,C,No,4604,4613,
1204,International Conference on Service Oriented Computing,ICSOC,ICORE2026,A,Yes,4606,,
2240,International Conference on Similarity Search and Applications,SISAP,ICORE2026,B,Yes,4605,,
2298,"International Conference on Simulation and Modeling Methodologies, Technologies and Applications",SIMULTECH,ICORE2026,C,Yes,4606,,
2178,International Conference on Smart homes and health Telematics,ICOST,ICORE2026,C,Yes,4601,,
1206,International Conference on Software and Data Technologies,ICSoft,ICORE2026,C,Yes,4612,,
1217,International Conference on Software and System Processes (was ICSP prior to 2011),ICSSP,ICORE2026,B,Yes,4612,,
791,International Conference on Software Architecture (was previously WICSA),ICSA,ICORE2026,A,Yes,4612,,
1209,International Conference on Software Engineering,ICSE,ICORE2026,A*,Yes,4612,,
1210,International Conference on Software Engineering Advances,ICSEA,ICORE2026,C,No,4612,,
1211,International Conference on Software Engineering and Formal Methods,SEFM,ICORE2026,B,Yes,4612,,
1212,International Conference on Software Engineering and Knowledge Engineering,SEKE,ICORE2026,C,Yes,4612,4602,
1214,"International Conference on Software Engineering, Artificial Intelligence, Networking and Parallel/Distributed Computing",SNPD,ICORE2026,C,No,4612,4602,4606
1215,International Conference on Software Language Engineering,SLE,ICORE2026,B,Yes,4612,,
1219,International Conference on Software Quality Management,SQM,ICORE2026,C,No,4612,,
1220,International Conference on Software Reuse,ICSR,ICORE2026,B,Yes,4612,,
1221,"International Conference on Software Testing, Verification and Validation",ICST,ICORE2026,A,Yes,4612,,
2209,International Conference on Sustainable Energy Information Technology,SEIT,ICORE2026,Unranked,Yes,4601,4606,
1229,International Conference on Systems Engineering,ICSEng,ICORE2026,C,No,46,,
2288,International Conference on Technical Debt,TechDebt,ICORE2026,B,Yes,4612,,
2285,International Conference on Testing Software and Systems,ICTSS,ICORE2026,C,Yes,4612,,
1236,International Conference on Tests and Proofs,TAP,ICORE2026,C,Yes,4612,,
1237,International Conference on the Application and Theory of Petri Nets and Concurrency,Petri Nets,ICORE2026,B,No,4606,,
1238,International Conference on the Foundations of Digital Games,FDG,ICORE2026,C,No,4607,4608,
1239,International Conference on the Principles of Knowledge Representation and Reasoning,KR,ICORE2026,A*,Yes,4602,4613,
2180,International Conference on the Quality of Information and Communications Technology,QUATIC,ICORE2026,National/Regional,Yes,4612,,
1240,International Conference on the Simulation and Synthesis of Living Systems,ALIFE,ICORE2026,C,Yes,4602,,
1241,International Conference on the Statistical Analysis of Textual Data,JADT,ICORE2026,C,No,4602,,
1242,International Conference on the Theory and Application of Cryptographic Techniques,EuroCrypt,ICORE2026,A*,Yes,4604,,
1243,International Conference on the Theory and Application of Cryptology and Information Security,ASIACRYPT,ICORE2026,A,Yes,4604,,
2202,International Conference on the Theory of Information Retrieval,ICTIR,ICORE2026,Unranked,Yes,4605,,
1246,International Conference on Theorem Proving with Analytic Tableaux and Related Methods,TABLEAUX,ICORE2026,B,Yes,4613,,
1250,International Conference on Theory and Applications of Satisfiability Testing,SAT,ICORE2026,A,Yes,4602,4613,
2013,International Conference on Theory and Practice of Digital Libraries (was ECDL until 2010),TPDL,ICORE2026,B,Yes,4605,,
1251,International Conference on Tools with Artificial Intelligence,ICTAI,ICORE2026,B,Yes,4602,,
1253,"International Conference on Trust, Privacy and Security in Digital Business",TrustBus,ICORE2026,B,Yes,4604,,
790,"International Conference on Trust, Security and Privacy in Computing and Communications",TrustCom,ICORE2026,B,Yes,4604,,
1254,International Conference on Ubiquitous Intelligence and Computing,UIC,ICORE2026,C,Yes,4606,4608,
1255,International Conference on Unconventional Computation and Natural Computation (was International Conference on Unconventional Computation),UC,ICORE2026,C,No,4613,,
1259,"International Conference on User Modelling, Adaptation, and Personalization (was AH and UM)",UMAP,ICORE2026,A,Yes,4608,,
2299,International Conference on Vehicle Technology and Intelligent Transport Systems,VEHITS,ICORE2026,C,Yes,4606,4602,
1261,International Conference on Very Large Databases,VLDB,ICORE2026,A*,Yes,4605,,
1262,International Conference on Virtual Execution Environments,VEE,ICORE2026,B,Yes,4606,,
2168,International Conference on Virtual Rehabilitation,ICVR,ICORE2026,Unranked,Yes,4601,,
1267,International Conference on VLSI Design,VLSID,ICORE2026,National: India,No,4606,,
2169,International Conference on Web and Social Media,ICWSM,ICORE2026,A,Yes,4601,4605,
1269,International Conference on Web Engineering,ICWE,ICORE2026,B,Yes,4605,,
1270,International Conference on Web Information Systems and Technologies,WEBIST,ICORE2026,C,Yes,46,,
1271,International Conference on Web Information Systems Engineering,WISE,ICORE2026,B,Yes,4605,4606,
2257,International Conference on Wireless Networks and Mobile Communications,WINCOM,ICORE2026,C,Yes,4606,,
2211,"International Conference: Sciences of Electronics, Technologies of information and Telecommunication",SETIT,ICORE2026,Unranked,Yes,46,,
1280,"International Conferences in Central Europe on Computer Graphics, Visualization and Computer Vision",WSCG,ICORE2026,National: Czecholslovakia,No,4607,4603,
1288,International Congress on Computational and Applied Mathematics,ICCAM,ICORE2026,C,No,4613,,
1291,International Congress on Modelling and Simulation,MODSIM,ICORE2026,Australasian C,No,4602,,
2223,International Cross-Domain Conference for Machine Learning and Knowledge Extraction,CD-MAKE,ICORE2026,C,Yes,4602,4611,4608
1296,International CSI Computer Conference,CSICC,ICORE2026,National: Iran,No,4613,,
1297,International Database Engineering and Applications Symposium,IDEAS,ICORE2026,C,Yes,4605,,
2022,International European Conference on Parallel and Distributed Computing (was International Conference on Parallel Processing),EuroPar,ICORE2026,B,Yes,4606,,
1303,International FLINS Conference on Robotics and Artificial Intelligence (was International Fuzzy Logic and Intelligent technologies in Nuclear Science Conference),FLINS,ICORE2026,C,Yes,4602,,
1302,International Frontiers of Algorithmics Workshop,FAW,ICORE2026,National: China,No,4613,,
1313,International Joint Conference on Artificial Intelligence,IJCAI,ICORE2026,A*,Yes,4602,4611,4603
1314,International Joint Conference on Automated Reasoning,IJCAR,ICORE2026,A,Yes,4602,4612,4613
922,"International Joint Conference on Autonomous Agents and Multiagent Systems (previously the International Conference on Multiagent Systems, ICMAS, changed in 2000)",AAMAS,ICORE2026,A,Yes,4602,,
2305,International Joint Conference on Biometrics,IJCB,ICORE2026,B,Yes,4603,4604,4608
2221,International Joint Conference on Computational Intelligence,IJCCI,ICORE2026,C,Yes,4602,4611,
1316,"International Joint Conference on Knowledge Discovery, Knowledge Engineering and Knowledge Management",IC3K,ICORE2026,C,Yes,4605,,
1317,International Joint Conference on Natural Language Processing,IJCNLP,ICORE2026,B,No,4602,,
1195,International Joint Conference on Rough Sets (2014 International Conference on Rough Sets and Current Trends in Computing joined with 3 others),IJCRS (was RSCTC),ICORE2026,C,Yes,4602,,
2216,International Joint Conference on Rules and Reasoning,RuleML+RR,ICORE2026,B,Yes,4602,4613,4601
1320,International KES Conference on Agents and Multiagent systems - Technologies and Applications,KES AMSTA,ICORE2026,C,No,4602,,
1321,International Machine Vision and Image Processing Conference,IMVIP,ICORE2026,National: ireland,No,4603,,
1327,International Natural Language Generation Conference,INLG,ICORE2026,B,Yes,4602,,
1329,International Network Optimization Conference,INOC,ICORE2026,C,No,4606,,
1331,International Picture Coding Symposium,PCS,ICORE2026,C,No,4603,,
1338,International Semantic Web Conference,ISWC,ICORE2026,A,Yes,4605,,
2236,International Symposium 'Problems of Redundancy in Information and Control Systems',Redundancy,ICORE2026,National Russia,Yes,4604,4613,
1348,International Symposium on Algorithmic Game Theory,SAGT,ICORE2026,B,No,4613,,
1349,International Symposium on Algorithms and Computation,ISAAC,ICORE2026,B,Yes,4613,,
1447,International Symposium on Algorithms and Experiments for  Wireless Networks,Algosensors,ICORE2026,C,Yes,4606,,
1352,International Symposium on Applied Computational Intelligence and Informatics,SACI,ICORE2026,National: Romania,No,4602,,
1353,International Symposium on Applied Machine Intelligence and Informatics,SAMI,ICORE2026,National: slovakia,No,4602,,
1354,International Symposium on Artificial Intelligence and Mathematics,ISAIM,ICORE2026,National: USA,Yes,4602,,
1355,International Symposium on Artificial Life and Robotics,AROB,ICORE2026,C,No,4602,,
1357,International Symposium on Automated Technology for Verification and Analysis,ATVA,ICORE2026,B,Yes,4612,,
1358,International Symposium on Automation and Robotics in Construction,ISARC,ICORE2026,C,No,4602,,
1359,International Symposium on Autonomous Decentralized Systems,ISADS,ICORE2026,C,No,4606,,
1362,International Symposium on Code Generation and Optimization,CGO,ICORE2026,A,No,4612,,
1364,International Symposium on Combinatorial Optimisation,ISCO,ICORE2026,C,No,4613,4602,
60,International Symposium on Computational Geometry,SoCG,ICORE2026,A*,Yes,4613,,
1370,International Symposium on Computer Architecture and High Performance Computing,SBAC-PAD,ICORE2026,C,Yes,4606,,
2329,International Symposium on Design and Diagnostics of Electronic Circuits and Systems,DDECS,ICORE2026,C,Yes,CSE,,
1374,International Symposium on Distributed Computing (was WDAG),DISC,ICORE2026,A,Yes,4606,,
696,International Symposium on Distributed Simulation and Real Time Applications,DS-RT,ICORE2026,C,Yes,4606,4602,4608
1376,International Symposium on Empirical Software Engineering and Measurement,ESEM,ICORE2026,A,Yes,4612,,
1378,International Symposium on Experimental Algorithms,SEA,ICORE2026,B,No,4613,,
540,International Symposium on Formal Methods (was Formal Methods Europe FME),FM,ICORE2026,B,Yes,4612,4613,
1380,International Symposium on Foundations of Intelligent Systems,ISMIS,ICORE2026,C,No,4602,,
1382,International Symposium on Functional and Logic Programming,FLOPS,ICORE2026,National: Japan,No,4613,,
1383,International Symposium on Fundamentals of Computation Theory,FCT,ICORE2026,B,Yes,4613,,
1385,International Symposium on Grids and Clouds (was International Symposium on Grid Computing),ISGC,ICORE2026,C,No,4606,,
1386,International Symposium on High Performance Computer Architecture,HPCA,ICORE2026,A*,Yes,CSE,4606,
1388,International Symposium on Information Assurance and Security,IAS,ICORE2026,C,No,4604,,
1390,International Symposium on Information Theory and Its Applications,ISITA,ICORE2026,C,Yes,4613,4604,
1391,International Symposium on Innovations in Intelligent Systems and Applications,INISTA,ICORE2026,C,No,4602,4601,
1394,International Symposium on Intelligent Systems and Informatics,SISY,ICORE2026,National: serbia,No,4602,,
1395,International Symposium on Latin American Theoretical Informatics,LATIN,ICORE2026,B,Yes,4613,,
1396,"International Symposium on Leveraging Applications of Formal Methods, Verification and Validation",ISoLA,ICORE2026,C,No,4612,,
1397,International Symposium on Logic-based Program Synthesis and Transformation,LOPSTR,ICORE2026,C,Yes,4613,4612,
1398,International Symposium on Mathematical Foundations of Computer Science,MFCS,ICORE2026,B,Yes,4613,,
1400,International Symposium on Memory Management,ISMM,ICORE2026,C,Yes,4606,4612,
2098,International Symposium on Microarchitecture,MICRO,ICORE2026,A*,Yes,CSE,,
1401,"International Symposium on Modelling and Optimization in Mobile, Ad Hoc, and Wireless Networks",WiOpt,ICORE2026,B,Yes,4606,,
2204,"International Symposium on Networks, Computers and Communications",ISNCC,ICORE2026,C,Yes,4606,,
1402,International Symposium on Neural Networks,ISNN,ICORE2026,C,Yes,4611,,
1653,"International Symposium on New Ideas, New Paradigms, and Reflections on Programming and Software",Onward,ICORE2026,C,No,4612,,
1432,International Symposium on Open Collaboration (was International Symposiums on Wikis),OPENSYM,ICORE2026,C,Yes,4612,,
1405,International Symposium on Parallel and Distributed Computing,ISPDC,ICORE2026,C,No,4606,,
1510,International Symposium on Parameterized and Exact Computation (was IWPEC pre 2004),IPEC,ICORE2026,B,No,4613,,
1410,International Symposium on Robotics Research,ISRR,ICORE2026,C,Yes,4602,,
2283,International Symposium on Search Based Software Engineering,SSBSE,ICORE2026,B,Yes,4612,4602,
2281,International Symposium on Software Engineering for Adaptive and Self-Managing Systems,SEAMS,ICORE2026,A,Yes,4612,,
2284,"International Symposium on Software Engineering: Theories, Tools, and Applications",SETTA,ICORE2026,National:China,Yes,4612,4613,
1411,International Symposium on Software Reliability Engineering,ISSRE,ICORE2026,A,Yes,4612,,
1412,International Symposium on Software Testing and Analysis,ISSTA,ICORE2026,A,Yes,4612,,
1416,International Symposium on Spatial and Temporal Databases,SSTD,ICORE2026,B,Yes,4601,,
1413,International Symposium on Spatial Data Handling,SDH,ICORE2026,C,No,4601,,
1415,International Symposium on Spatial Data Quality,ISSDQ,ICORE2026,C,No,4601,,
1418,International Symposium on String Processing and Information Retrieval,SPIRE,ICORE2026,C,Yes,4605,,
1420,International Symposium on Symbolic and Algebraic Computation,ISSAC,ICORE2026,B,Yes,4613,,
1421,International Symposium on Symbolic and Numeric Algorithms for Scientific Computing,SYNASC,ICORE2026,National: romania,No,4613,,
1423,International Symposium on Technology and Society,ISTAS,ICORE2026,C,No,46,,
1424,International Symposium on Temporal Representation and Reasoning,TIME,ICORE2026,C,Yes,4602,,
1425,International Symposium on the Mathematical Theory of Networks and Systems,MTNS,ICORE2026,C,No,4606,,
1426,International Symposium on Theoretical Aspects of Computer Science,STACS,ICORE2026,A,Yes,4613,,
1427,International Symposium on Theoretical Aspects of Software Engineering,TASE,ICORE2026,National: China,No,4612,,
1539,International Symposium on Ubiquitous Virtual Reality,ISUVR,ICORE2026,National: S. Korea,No,4607,4608,
1429,International Symposium on Visual Computing,ISVC,ICORE2026,National: USA,No,4607,4603,
269,International Telecommunication Networks and Applications Conference (was Australian Telecommunication Networks and Applications Conference),ITNAC,ICORE2026,Australasian C,Yes,4606,,
2214,International Teletraffic Congress,ITC,ICORE2026,Unranked,Yes,4606,,
1436,International Visualization in Transportation Symposium,TRB,ICORE2026,National: USA,No,4608,,
1439,International Wordnet Conference (Global Wordnet Conference),GWC,ICORE2026,C,No,4605,4602,
1440,International Work-Conference on Artificial and Natural Neural Networks,IWANN,ICORE2026,National: Spain,No,4611,,
2183,International Work-conference on the Interplay between Natural and Artificial Computation,IWINAC,ICORE2026,National,Yes,4602,,
2295,International Workshop on Algebraic and Combinatorial Coding Theory,ACCT,ICORE2026,National,Yes,4613,4604,
1451,International Workshop on Approximation Algorithms for Combinatorial Optimization Problems and International Conference on Randomization and Computation,APPROX/RANDOM,ICORE2026,A,Yes,4613,,
1458,International Workshop on Combinations of Intelligent Methods and Applications,CIMA,ICORE2026,C,No,4602,4611,4603
1459,International Workshop on Combinatorial Algorithm,IWOCA,ICORE2026,C,Yes,4613,,
1460,International Workshop on Combinatorial Image Analysis: Theory and Applications,IWCIA,ICORE2026,C,No,4603,,
2160,"International Workshop on Coordination, Organizations, Institutions, Norms and Ethics for Governance of Multi-Agent Systems (Ethics added 2020)",COINE,ICORE2026,C,Yes,4602,,
1463,International Workshop on Critical Information Infrastructures Security,CRITIS,ICORE2026,C,No,4604,,
2238,International Workshop on Data Management on New Hardware,DaMoN,ICORE2026,C,Yes,4605,,
1464,International Workshop on Data Warehousing and OLAP,DOLAP,ICORE2026,C,Yes,4605,,
1466,International Workshop on Digital Watermarking,IWDW,ICORE2026,C,No,4604,,
1998,International Workshop on Document Analysis Systems,DAS,ICORE2026,B,Yes,4605,,
1471,International Workshop on Enterprise and Organizational Modelling and Simulation,EOMAS,ICORE2026,C,No,4612,,
1475,International Workshop on Fast Software Encryption,FSE,ICORE2026,B,Yes,4604,,
1476,International Workshop on Formal Methods for interactive Systems,FMIS,ICORE2026,C,No,4612,4608,
1484,International Workshop on Graph-Theoretic Concepts in Computer Science,WG,ICORE2026,B,Yes,4613,,
1486,International workshop on High-Level Parallel Programming and Applications,HLPP,ICORE2026,C,No,4606,,
1487,International Workshop on High-Level Parallel Programming Models and Supportive Environments,HIPS,ICORE2026,C,No,4606,,
1494,International Workshop on Information Security Applications,WISA,ICORE2026,National: korea,No,4604,,
1504,International Workshop on Modelling in Software Engineering,MISE,ICORE2026,C,No,4612,,
1506,International Workshop on MultiAgent Based Simulation,MABS,ICORE2026,C,No,4602,,
1508,International Workshop on Multimedia Signal Processing,MMSP,ICORE2026,C,Yes,4603,,
1514,International Workshop on Post-Quantum Cryptography,PQCrypto,ICORE2026,C,No,4604,,
2009,International Workshop on Principles of Diagnosis,DX,ICORE2026,C,Yes,4612,4606,
1521,International Workshop on Requirements Engineering: Foundation for Software Quality,REFSQ,ICORE2026,B,Yes,4612,,
1525,International Workshop on Security,IWSEC,ICORE2026,National: Japan,No,4604,,
1528,International Workshop on Soft Computing Applications,SOFA,ICORE2026,National: Romania,No,4601,,
1529,International Workshop on Software and Compilers for Embedded Systems,SCOPES,ICORE2026,C,Yes,4606,,
1536,International Workshop on the Algorithmic Foundations of Robotics,WAFR,ICORE2026,C,No,4602,,
1540,International Workshop on Visualization for Cyber Security,VizSec,ICORE2026,C,No,4608,4604,
1541,International Workshop on Web and Wireless Geographical Information Systems,W2GIS,ICORE2026,C,No,4601,,
1546,International Workshops on Enabling Technologies: Infrastructures for Collaborative Enterprises,WETICE,ICORE2026,C,Yes,4606,4608,
1548,International World Wide Web Conference,WWW,ICORE2026,A*,Yes,4606,4605,
1551,Internet Measurement Conference,IMC,ICORE2026,A,No,4606,,
494,Interspeech (combined EuroSpeech and ICSLP in 2000),Interspeech,ICORE2026,A,No,4602,,
1340,ISC High Performance (was International Supercomputing Conference),ISC,ICORE2026,National/Regional,Yes,4606,CSE,
1556,ISCA International Conference on Computer Applications in Industry and Engineering,CAINE,ICORE2026,C,No,4601,,
1218,Joint Conference of the International Workshop on Software Measurement and the International Conference on Software Process and Product Measurement (IWSM and Mensura combined from 2007),IWSM Mensura,ICORE2026,C,No,4612,,
958,"Joint Conference on Computer Vision, Imaging and Computer Graphics Theory and Applications (GRAPP and VISAPP combined from 2008)",VISIGRAPP,ICORE2026,Multiconference,Yes,4603,,
1579,KES International Symposium on Intelligent Decision Technologies,KES IDT,ICORE2026,C,No,4602,,
1582,Knowledge capture,K-CAP,ICORE2026,B,Yes,4605,4602,
1584,Knowledge Domain Visualisation,KDViz,ICORE2026,National: UK,No,4608,,
1586,Knowledge Visualization and Visual Thinking,KV,ICORE2026,C,No,4608,,
2092,Language Resources and Evaluation Conference,LREC,ICORE2026,B,Yes,4602,,
2227,"Language, Data and Knowledge",LDK,ICORE2026,C,Yes,4602,4605,4601
1589,Latin American Conference on Informatics,CLEI,ICORE2026,C,Yes,4602,4612,4605
1592,"Latin-American Algorithms, Graphs and Optimization Symposium",LAGOS,ICORE2026,C,Yes,4613,,
1596,Logic Programming and Automated Reasoning,LPAR,ICORE2026,B,Yes,4613,4602,
1597,Logical Foundations of Computer Science,LFCS,ICORE2026,National: USA,No,4613,,
1598,"Logics in Artificial Intelligence, European Conference",JELIA,ICORE2026,B,Yes,4613,4602,
1599,Machine Translation Summit,MT SUMMIT,ICORE2026,C,Yes,4602,,
1600,Machine Vision Applications,MVA,ICORE2026,National: japan,No,4603,,
1834,"Machines, Computations and Universality (was Universal Machines and Computations)",MCU,ICORE2026,C,Yes,4613,,
2097,Malaysia International Conference on Communications ,MICC,ICORE2026,Regional,No,4606,,
1605,Mathematics of Program Construction,MPC,ICORE2026,B,Yes,4613,,
39,Measurement and Modeling of Computer Systems,SIGMETRICS,ICORE2026,A*,Yes,4612,,
1607,Medical Image Computing and Computer-Assisted Intervention,MICCAI,ICORE2026,A,Yes,4601,4603,
2270,Mensch & Computer,MuC,ICORE2026,National: Germany,Yes,4608,,
1615,Mobile and Ubiquitous Multimedia (ACM),MUM,ICORE2026,B,Yes,4608,,
1618,Modelling and Optimization: Theory and Applications,MOPTA,ICORE2026,National: USA,No,4602,,
2233,Multimedia and Network Information Systems,MISSI,ICORE2026,National: Poland,Yes,4603,4607,4602
1629,National Conference of the American Association for Artificial Intelligence,AAAI,ICORE2026,A*,Yes,4602,4603,4611
1978,National Conference of The Australian Society for Operations Research,ASOR,ICORE2026,Australasian C,Yes,4602,,
1638,Network and Operating System Support for Digital Audio and Video,NOSSDAV,ICORE2026,B,Yes,4606,,
1642,New Security Paradigms Workshop,NSPW,ICORE2026,C,No,4604,,
1643,New Zealand Game Developers Conference,NZGDC,ICORE2026,Australasian C,No,4607,4608,
2271,Nordic Conference on Human-Computer Interaction,NordiCHI,ICORE2026,Regional:Scandinavia,Yes,4608,,
1648,North American Association for Computational Linguistics,NAACL,ICORE2026,A,Yes,4602,,
687,On-Line Testing and Robust System Design,IOLTS,ICORE2026,C,Yes,CSE,4612,
1658,"Pacific Asia Conference on Language, Information and Computation",PACLIC,ICORE2026,C,Yes,4602,,
1660,Pacific Conference on Computer Graphics and Applications,PG,ICORE2026,Journal Published,Yes,4607,4603,
1661,Pacific Rim International Conference on Artificial Intelligence,PRICAI,ICORE2026,B,Yes,4602,,
1662,Pacific Rim International Symposium on Dependable Computing,PRDC,ICORE2026,C,Yes,4612,4606,4604
1664,Pacific Rim Knowledge Acquisition Workshop,PKAW,ICORE2026,C,Yes,4602,4611,4608
1666,Pacific Symposium on Biocomputing,PSB,ICORE2026,National: USA,No,4601,,
1667,Pacific-Asia Conference on Knowledge Discovery and Data Mining,PAKDD,ICORE2026,B,Yes,4605,,
1670,Pacific-Rim Symposium on Image and Video Technology,PSIVT,ICORE2026,C,Yes,4603,,
1676,Parallel Problem Solving from Nature,PPSN,ICORE2026,A,Yes,4611,,
1678,Passive and Active Measurement Conference,PAM,ICORE2026,B,No,4606,,
1680,Pattern Languages of Programs,PLOP,ICORE2026,C,No,4612,,
1682,Portuguese Conference on Artificial Intelligence,EPIA,ICORE2026,National: Portugal,Yes,4602,,
2171,Practical Applications of Agents and Multiagent Systems,PAAMS,ICORE2026,National: Spain,Yes,4602,4601,
1686,Practical Aspects of Declarative Languages,PADL,ICORE2026,C,Yes,4612,,
1688,Practice and Theory of Automated Timetabling,PATAT,ICORE2026,C,No,4601,,
1690,Prague Stringology Conference,PSC,ICORE2026,National: Czech,No,4613,,
1691,Principles and Practice of Parallel Programming,PPoPP,ICORE2026,B,Yes,4606,,
1442,Privacy Enhancing Technologies Symposium (was International Workshop of Privacy Enhancing Technologies),PETS,ICORE2026,A,Yes,4604,,
1693,Privacy in Statistical Databases,PSD,ICORE2026,C,No,4604,,
1696,Product Focused Software Process Improvement,PROFES,ICORE2026,B,Yes,4612,,
1701,Real Time Systems Symposium,RTSS,ICORE2026,A,Yes,4606,,
1705,Richard Tapia Celebration of Diversity in Computing Conference,Tapia,ICORE2026,National: USA,No,46,,
1708,Robot Soccer World Cup,RoboCup,ICORE2026,C,Yes,4602,,
138,Selected Areas in Cryptography,SAC,ICORE2026,B,Yes,4604,,
2210,Semantics - International Conference on Semantic Systems,Semantics,ICORE2026,"Regional: Austria, Germany, Netherlands",Yes,4605,,
1723,SGAI International Conference on Artificial Intelligence,SGAI,ICORE2026,National: UK,No,4602,,
1724,SIAM Conference on Discrete Mathematics,DM,ICORE2026,C,No,4613,,
1726,SIAM Conference on Optimization,OP,ICORE2026,C,No,4602,,
1727,SIAM International Conference on Data Mining,SDM,ICORE2026,A,Yes,4605,,
957,SIGGRAPH Asia,SiggraphA,ICORE2026,A*,Yes,4607,4603,4608
2222,Simulation and Synthesis in Medical Imaging,SASHIMI,ICORE2026,C,Yes,4602,4601,4603
1733,Simulation Technology and Training Conference,SimTecT,ICORE2026,Australasian C,No,4602,,
1736,SKLOIS Conference on Information Security and Cryptology,Inscrypt,ICORE2026,National: China,No,4604,,
1737,Smart Card Research and Advanced Application Conference,CARDIS,ICORE2026,C,Yes,4604,,
2136,Software Process Improvement and Capability Determination ,SPICE,ICORE2026,C,Yes,4612,,
2282,Software Product Lines Conference,SPLC,ICORE2026,B,Yes,4612,4601,4602
1185,"Software Quality, Reliability, and Security (was International Conference on Quality Software, QSIC, that merged with SERE 2015)",QRS,ICORE2026,C,Yes,4612,,
1763,Static Analysis Symposium,SAS,ICORE2026,B,Yes,4612,,
1766,Structural and Syntactical Pattern Recognition,SSPR,ICORE2026,B,Yes,4603,,
1771,Symposium Model Analysis and Simulation of Computer and Telecommunications Systems,MASCOTS,ICORE2026,B,Yes,4606,,
1772,Symposium of Asian Association for Algorithms and Computation,AAAC,ICORE2026,C,No,4613,,
1777,Symposium on Advances in DB and Information Systems,ADBIS,ICORE2026,C,Yes,4605,,
1784,Symposium on Geometry Processing,SGP,ICORE2026,B,No,4607,4603,
2033,Symposium on High Performance Chips ,HOTCHIPS (HCS),ICORE2026,C,Yes,4606,,
1789,"Symposium on Networked Systems, Design and Implementation",NSDI,ICORE2026,National: USA,No,4606,,
1790,Symposium on Parallelism in Algorithms and Architectures,SPAA,ICORE2026,B,Yes,4606,,
1792,Symposium on Reliable Distributed Systems,SRDS,ICORE2026,B,Yes,4606,,
1794,"Symposium on Stabilization, Safety, and Security of Distributed Systems",SSS,ICORE2026,C,No,4604,,
2167,Symposium On Usable Privacy and Security,SOUPS,ICORE2026,A,Yes,4608,4604,
1798,"Tangible, Embedded, and Embodied Interaction",TEI,ICORE2026,B,Yes,4608,,
1802,Testbeds and Research Infrastructures for the Development of Networks and Communities,TridentCom,ICORE2026,National: China,Yes,4606,,
2255,The ACM International System and Storage Conference,SYSTOR,ICORE2026,National:Israel,Yes,4606,4605,
2353,The ACM SIGCAS/SIGCHI Conference on Computing and Sustainable Societies,COMPASS,ICORE2026,C,Yes,4608,4606,4611
2197,The International Conference on Future Networks and Communications,FNC,ICORE2026,Unranked,Yes,4606,,
2179,The International Conference on Intelligent Environments,IE,ICORE2026,B,Yes,4602,,
2213,The International Conference on Verification and Evaluation of Computer and Communication Systems ,VECoS,ICORE2026,C,Yes,4606,4613,4612
1408,"The International Symposium on Research in Attacks, Intrusions and Defenses (was International Symposium on Recent Advances in Intrusion Detection)",RAID,ICORE2026,A,Yes,4604,,
2212,The Symposium of Combinatorial Search,SoCS,ICORE2026,B,Yes,4602,,
1812,The Theory and Application of Diagrams,DIAGRAMS,ICORE2026,C,Yes,4602,,
1814,Theoretical Aspects of Rationality and Knowledge,TARK,ICORE2026,B,Yes,4613,,
1815,Theory of Cryptography Conference,TCC,ICORE2026,B,Yes,4604,4613,
1818,Tools and Algorithms for Construction and Analysis of Systems,TACAS,ICORE2026,A,Yes,4612,,
1837,Usable Security and Privacy,USEC,ICORE2026,National: USA,No,4604,4608,
1838,Usenix Annual Technical Conference,USENIX,ICORE2026,A,No,4606,,
1840,Usenix Network and Distributed System Security Symposium,NDSS,ICORE2026,A*,Yes,4604,,
1841,Usenix Security Symposium,USENIX-Security,ICORE2026,A*,Yes,4604,,
1842,Usenix Symposium on Operating Systems Design and Implementation,OSDI,ICORE2026,A*,Yes,4606,,
1845,USENIX Workshop on Hot Topics in Operating Systems,HotOS,ICORE2026,A,Yes,4606,,
2252,Utility and Cloud Computing,UCC,ICORE2026,Unranked,Yes,4606,4605,4601
1847,"Verification, Model Checking and Abstract Interpretation",VMCAI,ICORE2026,B,No,4612,,
1851,Visual Analytics,EuroVA,ICORE2026,C,No,4608,,
1853,Visual Information Communication and Interaction,VINCI,ICORE2026,C,No,4608,,
1856,Visualization In Science and Education,GRC,ICORE2026,National: USA,No,4608,,
165,Web and Big Data,APWEB,ICORE2026,C,Yes,4605,,
1865,Winter Simulation Conference,WSC,ICORE2026,National/Regional,Yes,4602,,
1867,Workshop in Information Security Theory and Practices,WISTP,ICORE2026,C,No,4604,,
1870,Workshop on Algorithm Engineering and Experiments,ALENEX,ICORE2026,A,Yes,4613,,
1871,"Workshop on Algorithmic Approaches for Transportation Modelling, Optimization, and Systems",ATMOS,ICORE2026,C,No,4613,4601,
1873,Workshop on Algorithms And Models For The Web Graph,WAW,ICORE2026,C,No,4613,,
1874,Workshop on Algorithms in Bioinformatics,WABI,ICORE2026,C,Yes,4601,,
1878,Workshop on Applications of Graph Theory in Wireless Ad hoc Networks and Sensor Networks,Graph-hoc,ICORE2026,C,No,4606,,
1879,Workshop on Approximation and Online Algorithms,WAOA,ICORE2026,B,Yes,4613,,
1891,Workshop on Computational Optimization,WCO,ICORE2026,C,No,4613,,
1892,Workshop on Computer Architecture Education,WCAE,ICORE2026,National: USA,No,4608,,
1893,Workshop on Constraint Satisfaction for Planning and Scheduling,COPLAS,ICORE2026,C,No,4602,,
1894,Workshop on Cryptographic Hardware and Embedded Systems,CHES,ICORE2026,A,Yes,4604,,
1900,Workshop on Domain Specific Modelling,DSM,ICORE2026,C,No,4612,,
1904,Workshop on Fault Diagnosis and Tolerance in Cryptography,FDTC,ICORE2026,C,No,4604,,
1905,Workshop on Formal Techniques for Java-like Programs,FTfJP,ICORE2026,C,No,4612,,
1909,Workshop on Job Scheduling Strategies for Parallel Processing,JSSPP,ICORE2026,C,Yes,4606,,
1912,"Workshop on Logic, Language, Information and Computation",WoLLIC,ICORE2026,C,Yes,4613,,
1914,Workshop on Mobile Computing Systems and Applications,HOTMOBILE,ICORE2026,National: USA,No,4606,,
1927,Workshop on Programming Languages and Operating Systems,PLOS,ICORE2026,C,Yes,4606,4612,
1936,Workshop on the Arithmetic of Finite Fields,WAIFI,ICORE2026,C,No,4613,,
2014,"World Conference on Educational Multimedia, Hypermedia and Telecommunications ",ED-MEDIA,ICORE2026,C,Yes,4601,,
2181,World Conference on Information Systems and Technologies,WorldCIST,ICORE2026,C,Yes,46,,
1943,"World Congress in Computer Science, Computer Engineering, and Applied Computing",WORLDCOMP,ICORE2026,National: USA,No,46,,
2155,"World Multi-Conference on Systemics, Cybernetics and Informatics",WMSCI,ICORE2026,National: USA,No,46,,
